id,firstName,middleName,lastName,gender,birthDate,ssn,salary
1,Pennie,Carry,Hirschmann,F,1955-07-02T04:00:00.000+0000,981-43-9345,56172
2,An,Amira,Cowper,F,1992-02-08T05:00:00.000+0000,978-97-8086,40203
3,Quyen,Marlen,Dome,F,1970-10-11T04:00:00.000+0000,957-57-8246,53417
4,Coralie,Antonina,Marshal,F,1990-04-11T04:00:00.000+0000,963-39-4885,94727
5,Terrie,Wava,Bonar,F,1980-01-16T05:00:00.000+0000,964-49-8051,79908
6,Chassidy,Concepcion,Bourthouloume,F,1990-11-24T05:00:00.000+0000,954-59-9172,64652
7,Geri,Tambra,Mosby,F,1970-12-19T05:00:00.000+0000,968-16-4020,38195
8,Patria,Nancy,Arstall,F,1985-01-02T05:00:00.000+0000,984-76-3770,102053
9,Terese,Alfredia,Tocque,F,1967-11-17T05:00:00.000+0000,967-48-7309,91294
10,Wava,Lyndsey,Jeandon,F,1963-12-30T05:00:00.000+0000,997-82-2946,56521
11,Sophie,Emerita,Hearn,F,1979-09-17T04:00:00.000+0000,977-66-4483,90920
12,Jodie,Tabetha,Laneham,F,1959-01-31T05:00:00.000+0000,923-24-9769,90634
13,Marietta,Mandi,Yansons,F,1974-02-19T04:00:00.000+0000,900-34-8083,93162
14,Caridad,Maire,Snelle,F,1960-09-26T04:00:00.000+0000,992-11-7062,38859
15,Yasmine,Meg,Edworthye,F,1960-01-29T05:00:00.000+0000,922-12-9862,76220
16,Chan,Jani,Hartas,F,1986-12-05T05:00:00.000+0000,995-51-3115,75050
17,Evangeline,Wanetta,Casserley,F,1961-09-29T04:00:00.000+0000,926-61-3526,62814
18,Elnora,Kecia,Lipman,F,1980-02-14T05:00:00.000+0000,950-23-9739,71350
19,Adelle,Kathyrn,Grigoriev,F,1978-11-14T05:00:00.000+0000,923-23-5984,60600
20,Mica,Zandra,Challens,F,1973-11-24T05:00:00.000+0000,918-66-1232,51071
21,Sarah,Nickie,Sadgrove,F,1990-11-07T05:00:00.000+0000,913-18-2717,101046
22,Robbin,Leeanne,Sallnow,F,1958-12-16T05:00:00.000+0000,938-88-6975,98588
23,Caroyln,Mamie,Cardon,F,1994-05-15T04:00:00.000+0000,927-52-5062,60449
24,Penni,Stevie,Searby,F,1955-03-23T05:00:00.000+0000,951-65-9959,83728
25,Yesenia,Eileen,Goldring,F,1997-07-09T04:00:00.000+0000,920-71-3216,73060
26,Frankie,Jovan,Lydall,F,1976-07-08T04:00:00.000+0000,911-59-3216,105270
27,Venetta,Laura,Komorowski,F,1960-12-01T05:00:00.000+0000,921-55-9589,38186
28,Marget,Thao,Lundbeck,F,1961-04-07T05:00:00.000+0000,979-14-7198,67310
29,Leeann,Verlene,Hewes,F,1985-01-03T05:00:00.000+0000,905-67-9311,107411
30,Noella,Isabella,Ubsdell,F,1975-04-20T04:00:00.000+0000,919-78-4521,67250
31,Elly,Natividad,Iorns,F,1967-04-28T05:00:00.000+0000,905-52-3088,80919
32,Hedwig,Dulcie,Pendleberry,F,1998-12-02T05:00:00.000+0000,666-51-9916,60857
33,Bridget,Brande,Perche,F,1989-03-07T05:00:00.000+0000,928-39-7663,58615
34,Soo,Laurena,Danovich,F,1977-11-20T05:00:00.000+0000,908-19-5146,57712
35,Hanh,Juliet,Stiegers,F,1989-09-09T04:00:00.000+0000,905-35-6642,91772
36,Lucretia,Marna,Beekman,F,1982-08-16T04:00:00.000+0000,909-68-3003,92152
37,Stasia,Perla,Manoch,F,1989-04-26T04:00:00.000+0000,936-61-9195,58131
38,Nena,Jamika,Hinkes,F,1964-02-29T05:00:00.000+0000,937-51-9958,82412
39,Kala,Violeta,Lyfe,F,1994-06-23T04:00:00.000+0000,981-88-8006,101601
40,Alethea,Dolly,Brickdale,F,1960-06-26T04:00:00.000+0000,908-46-4236,89151
41,Felisha,Hiroko,Hayland,F,1959-12-13T05:00:00.000+0000,914-65-8532,98256
42,Gussie,India,McKeeman,F,1991-11-15T05:00:00.000+0000,922-91-9943,46945
43,Page,Salina,McHaffy,F,1956-09-14T04:00:00.000+0000,900-96-5804,115410
44,Idell,Ami,Ateggart,F,1977-06-26T04:00:00.000+0000,979-47-6065,89747
45,Leonia,Elda,Windrass,F,1961-11-05T05:00:00.000+0000,927-67-2402,87159
46,Eleonore,Erma,Leport,F,1973-06-13T04:00:00.000+0000,953-54-9836,98072
47,Logan,Magaly,Siggs,F,1974-07-16T04:00:00.000+0000,948-66-9847,55780
48,Carie,Serina,Waryk,F,1957-02-11T05:00:00.000+0000,980-30-1656,52549
49,Pansy,Suzie,Shrieves,F,1991-05-24T04:00:00.000+0000,910-16-4444,73811
50,Malissa,Amada,McRill,F,1958-05-02T04:00:00.000+0000,954-65-2862,115845
51,Blythe,Carri,Crinkley,F,1973-03-08T05:00:00.000+0000,998-29-3568,112662
52,Marketta,Rachele,Borg-Bartolo,F,1975-10-10T04:00:00.000+0000,981-60-8178,66712
53,Curtis,Tempie,Sponton,F,1980-07-23T04:00:00.000+0000,997-70-4544,74767
54,Maricela,Elane,Heinel,F,1972-12-21T05:00:00.000+0000,931-49-8310,67801
55,Delpha,Michelina,Biggadike,F,1957-09-30T04:00:00.000+0000,987-71-9556,104262
56,Bernita,Kathaleen,McIan,F,1971-02-20T05:00:00.000+0000,982-68-4659,48781
57,Jesusa,Cherise,Parysowna,F,1988-03-14T05:00:00.000+0000,992-77-3435,111979
58,Chung,Dian,Dautry,F,1998-01-12T05:00:00.000+0000,946-10-3058,47190
59,Vickie,Ranae,Saddleton,F,1967-04-01T05:00:00.000+0000,955-57-2783,52410
60,Sena,Particia,Stittle,F,1956-01-10T05:00:00.000+0000,971-10-8053,72745
61,Adelia,Gita,Vassel,F,1990-10-24T04:00:00.000+0000,947-17-3832,63563
62,Erica,Louvenia,O'Drought,F,1991-03-08T05:00:00.000+0000,904-49-5506,80113
63,Anjanette,Clelia,Hicks,F,1973-10-26T04:00:00.000+0000,981-32-5795,61310
64,Kari,Rosalyn,Siney,F,1985-04-10T05:00:00.000+0000,935-65-6035,65836
65,Eliana,Marcie,Gogay,F,1976-05-28T04:00:00.000+0000,984-45-2254,32795
66,Winter,Esther,Cruddace,F,1989-12-28T05:00:00.000+0000,997-63-7632,66115
67,Yuri,Elin,Byrne,F,1964-08-18T04:00:00.000+0000,988-62-7594,52476
68,Kimberely,Beverlee,Mahon,F,1979-01-17T05:00:00.000+0000,941-28-2731,92341
69,Toya,Waneta,Whebell,F,1989-07-23T04:00:00.000+0000,947-97-1666,53715
70,Wynona,Maxie,Melia,F,1984-02-13T05:00:00.000+0000,901-85-3278,73754
71,Katelyn,Merrie,Pocklington,F,1994-01-16T05:00:00.000+0000,949-72-2758,77925
72,Lianne,Racquel,Bowe,F,1976-01-18T05:00:00.000+0000,935-57-9860,114348
73,Kayla,Janella,Erskin,F,1965-06-25T04:00:00.000+0000,916-57-2955,87593
74,Monserrate,Goldie,Trimming,F,1993-09-17T04:00:00.000+0000,930-49-9845,57255
75,Alica,Elfrieda,Mousdall,F,1953-12-21T05:00:00.000+0000,954-16-6401,96490
76,Dung,Leslie,Lambswood,F,1968-08-03T04:00:00.000+0000,914-14-5994,57409
77,Jolene,Vennie,Pindell,F,1983-07-08T04:00:00.000+0000,972-80-1367,72379
78,Deanne,Lindsay,Lambdin,F,1999-07-28T04:00:00.000+0000,969-87-7115,83764
79,Carey,Kareen,Ciric,F,1999-02-23T05:00:00.000+0000,913-31-5531,93416
80,Madison,Iris,Donovan,F,1984-09-05T04:00:00.000+0000,953-91-7481,74484
81,Lasandra,Lin,Mowne,F,1986-03-30T05:00:00.000+0000,984-79-5062,90966
82,Joella,Danae,Marxsen,F,1960-09-12T04:00:00.000+0000,998-57-7440,109293
83,Markita,Shellie,Baskeyfied,F,1960-12-05T05:00:00.000+0000,993-66-4078,134393
84,Callie,Josephina,Gatley,F,1988-05-25T04:00:00.000+0000,963-80-2930,63879
85,Maia,Nadene,Putland,F,1979-12-22T05:00:00.000+0000,966-80-6343,82866
86,Elma,Chau,Rossiter,F,1958-10-22T04:00:00.000+0000,973-86-1495,80696
87,Luella,Cecile,Gant,F,1967-10-05T04:00:00.000+0000,983-10-1764,78464
88,In,Susann,Lacroix,F,1999-07-23T04:00:00.000+0000,907-56-8358,70873
89,Lizabeth,Sommer,Mayze,F,1971-04-24T05:00:00.000+0000,981-26-7152,61597
90,Alice,Marisol,Novill,F,1992-05-21T04:00:00.000+0000,924-10-7563,34053
91,Emelina,Joel,Skudder,F,1962-01-05T05:00:00.000+0000,929-14-4074,53763
92,Ingeborg,Barbara,Darko,F,1982-01-18T05:00:00.000+0000,989-81-9045,62846
93,Tonja,Sumiko,Druery,F,1969-03-12T05:00:00.000+0000,902-58-6244,63075
94,Nila,Madelene,Gothard,F,1963-12-05T05:00:00.000+0000,906-58-8356,100950
95,Rochelle,Ronni,Roycroft,F,1986-02-14T05:00:00.000+0000,935-80-5907,92524
96,Flo,Jena,Broomer,F,1975-06-12T04:00:00.000+0000,950-63-4472,47349
97,Jonell,Alia,Gifkins,F,1966-07-12T04:00:00.000+0000,942-12-1605,84084
98,Perla,Delphia,Brimley,F,1965-07-31T04:00:00.000+0000,934-71-2961,65425
99,Rheba,Charlesetta,Chatwood,F,1974-04-01T04:00:00.000+0000,995-65-8928,76773
100,Annalisa,Nova,Patesel,F,1974-01-25T04:00:00.000+0000,922-68-2542,66481
101,Jessika,Tilda,Marples,F,1956-09-29T04:00:00.000+0000,960-41-4705,67397
102,Jenee,Karla,Eymer,F,1963-11-10T05:00:00.000+0000,913-53-6303,103530
103,Norine,Linnie,Kann,F,1963-12-11T05:00:00.000+0000,988-10-2723,74993
104,Clarine,Demetria,Keems,F,1979-05-19T04:00:00.000+0000,984-88-2027,63044
105,Annie,Jeanne,Beecker,F,1961-12-09T05:00:00.000+0000,903-15-7880,63493
106,Mica,Maryln,Brunini,F,1976-11-25T05:00:00.000+0000,946-66-5178,75298
107,Joanne,Noelle,Doge,F,1990-08-06T04:00:00.000+0000,913-92-3220,78894
108,Mendy,Argentina,Sighard,F,1989-08-15T04:00:00.000+0000,992-96-5298,70683
109,Isabell,Alesha,Dohr,F,1980-10-23T04:00:00.000+0000,901-82-6355,65276
110,Alayna,Donnetta,Passby,F,1985-11-09T05:00:00.000+0000,937-24-5796,76967
111,Tamisha,Sharleen,Heindrich,F,1971-02-19T05:00:00.000+0000,989-40-5229,88952
112,Cherise,Ila,Hearthfield,F,1965-12-18T05:00:00.000+0000,970-98-8142,81261
113,Helen,Jana,Knappett,F,1970-01-22T05:00:00.000+0000,987-97-5136,92754
114,Gabrielle,Lara,Dachey,F,1974-07-08T04:00:00.000+0000,941-17-1893,71597
115,Luetta,Shandra,Soloway,F,1980-08-20T04:00:00.000+0000,943-18-2079,78210
116,Porsche,Annalee,Bartusek,F,1967-06-01T04:00:00.000+0000,666-47-3995,86682
117,Lexie,Lucy,Tear,F,1977-04-19T05:00:00.000+0000,900-85-6411,76753
118,Yukiko,Kate,Masdin,F,1964-02-13T05:00:00.000+0000,903-14-1785,28286
119,Andra,Serafina,Dripps,F,1991-11-30T05:00:00.000+0000,913-16-2090,82231
120,Lenna,Sun,Murkus,F,1975-10-02T04:00:00.000+0000,995-62-8126,47062
121,Shantelle,Alisia,Jewar,F,1995-12-07T05:00:00.000+0000,905-11-7515,89480
122,Yolonda,Mayola,Lahy,F,1963-03-05T05:00:00.000+0000,918-41-8978,91844
123,Oralia,Yvette,Kiehnlt,F,1965-08-19T04:00:00.000+0000,908-91-2434,72629
124,Marvella,Kamala,Stenet,F,1954-07-07T04:00:00.000+0000,911-69-6670,59807
125,Shawnee,Holli,Pady,F,1982-06-08T04:00:00.000+0000,933-49-6416,98156
126,Celena,Dixie,Dougherty,F,1966-04-25T04:00:00.000+0000,946-85-3041,31953
127,Kerri,Modesta,Meeny,F,1988-08-31T04:00:00.000+0000,902-40-9551,64834
128,Sheri,Kary,Jukubczak,F,1954-09-20T04:00:00.000+0000,957-15-8316,94596
129,Helen,Elwanda,Bellson,F,1952-07-02T04:00:00.000+0000,910-76-8747,63668
130,Karyl,Vinnie,Dalston,F,1986-06-08T04:00:00.000+0000,941-27-6842,69077
131,Allene,Vanita,Merchant,F,1980-07-10T04:00:00.000+0000,926-80-8802,57109
132,Tennille,Ouida,Paydon,F,1995-06-14T04:00:00.000+0000,984-31-4133,39115
133,Kimberley,Shameka,Dunphie,F,1967-04-20T05:00:00.000+0000,993-14-5535,29940
134,Lura,Felisa,Eastham,F,1984-02-29T05:00:00.000+0000,942-90-7080,50566
135,Alana,Delfina,Mackness,F,1971-01-22T05:00:00.000+0000,969-15-7250,92080
136,Jasmine,Mozella,Reinger,F,1980-09-12T04:00:00.000+0000,988-39-9059,71097
137,Nilda,Stefani,Dimitrescu,F,1995-03-17T05:00:00.000+0000,973-43-4299,60976
138,Glenn,Micheline,Emms,F,1952-02-06T05:00:00.000+0000,908-57-1046,86631
139,Jacque,Lavonne,Sextie,F,1997-12-23T05:00:00.000+0000,991-92-9392,85131
140,Debbi,Kristin,Ruddiman,F,1964-11-05T05:00:00.000+0000,964-65-2514,96990
141,Sade,Danette,Nancekivell,F,1992-04-22T04:00:00.000+0000,996-67-9864,100606
142,Gay,Marie,Marco,F,1998-10-21T04:00:00.000+0000,955-17-8923,61528
143,Blair,Tatyana,Novis,F,1959-10-06T04:00:00.000+0000,928-45-1733,97006
144,Lilliana,Muoi,Greated,F,1988-10-04T04:00:00.000+0000,923-77-3838,73373
145,Laverne,Kate,Eisikovitsh,F,1970-07-26T04:00:00.000+0000,979-44-1547,56315
146,Paige,Diann,Spilling,F,1995-04-23T04:00:00.000+0000,988-93-6222,26313
147,Blanca,Audrea,Cymper,F,1969-03-30T05:00:00.000+0000,976-67-7895,56297
148,Nikki,Josephina,Collman,F,1952-05-16T04:00:00.000+0000,976-76-8681,94023
149,Genia,Akiko,Aliman,F,1986-02-28T05:00:00.000+0000,947-15-9600,95660
150,Cherrie,Joselyn,Collabine,F,1976-10-06T04:00:00.000+0000,949-83-9438,52303
151,Roxane,Lorriane,Jeandet,F,1990-01-31T05:00:00.000+0000,952-53-9832,105570
152,Elfreda,Geneva,Chaperlin,F,1975-11-28T05:00:00.000+0000,901-73-6683,88873
153,Na,Jillian,Bartczak,F,1955-05-01T04:00:00.000+0000,666-92-8928,60213
154,Leonida,Lia,Narup,F,1999-07-14T04:00:00.000+0000,965-58-6418,47976
155,Sari,Daina,Wittey,F,1988-04-08T04:00:00.000+0000,911-77-5591,86504
156,Vi,Rebecca,Bang,F,1972-11-15T05:00:00.000+0000,961-69-2793,83889
157,Leoma,Alyce,Feasley,F,1996-01-24T05:00:00.000+0000,961-24-4613,89491
158,Ellyn,Rosie,Burk,F,1956-06-16T04:00:00.000+0000,989-47-6967,83640
159,Armida,Lizbeth,Bladen,F,1958-07-12T04:00:00.000+0000,946-79-6467,61072
160,Deneen,Tawanna,Haddington,F,1967-07-06T04:00:00.000+0000,955-43-1594,76254
161,Gertrudis,Audra,Ohanessian,F,1986-02-10T05:00:00.000+0000,964-21-1548,95595
162,Dotty,Star,Matoshin,F,2000-01-09T05:00:00.000+0000,996-19-8855,108406
163,Davina,Evelin,Hillin,F,1956-02-29T05:00:00.000+0000,966-95-5709,73100
164,Dia,Chu,Runnett,F,1996-12-08T05:00:00.000+0000,955-76-8996,49059
165,Bethann,Saturnina,Caraher,F,1965-11-09T05:00:00.000+0000,913-57-6913,30496
166,Denice,Mickie,Janning,F,1970-10-13T04:00:00.000+0000,999-18-8234,95121
167,Larhonda,Enriqueta,Hilling,F,1966-01-26T05:00:00.000+0000,992-29-5742,67650
168,Leonila,Georgiana,McGibbon,F,1994-06-30T04:00:00.000+0000,994-94-7645,82766
169,Dwana,Jonell,Tincknell,F,1956-12-23T05:00:00.000+0000,952-18-5035,69973
170,Candelaria,Angeline,Milligan,F,1980-01-22T05:00:00.000+0000,946-78-2996,23477
171,Yetta,Idella,Butten,F,1967-02-02T05:00:00.000+0000,936-40-5387,69973
172,Kathy,Deedra,Matas,F,1953-01-04T05:00:00.000+0000,979-46-2406,86669
173,Jenny,Natalia,Mottram,F,1965-01-09T05:00:00.000+0000,977-80-1081,104597
174,Karlene,Lashaunda,Nugent,F,1985-12-31T05:00:00.000+0000,949-73-4555,70836
175,Shemeka,Ignacia,Golde,F,1991-10-28T05:00:00.000+0000,900-65-6169,57914
176,Silvana,Shiloh,Satford,F,1976-08-31T04:00:00.000+0000,944-63-3561,70343
177,Stella,Laurel,Cranfield,F,1993-06-05T04:00:00.000+0000,981-18-6715,114251
178,Abbie,Gertude,Towe,F,1987-08-27T04:00:00.000+0000,950-82-4442,89306
179,Kathrine,Hortencia,Bednell,F,1988-01-15T05:00:00.000+0000,918-90-7755,115888
180,Maud,Griselda,Illem,F,1995-10-06T04:00:00.000+0000,957-73-9382,56609
181,Anamaria,Fae,Bavridge,F,1986-05-26T04:00:00.000+0000,988-43-6728,90934
182,Eve,Ethelene,Gostall,F,1965-06-14T04:00:00.000+0000,927-82-2017,82976
183,Lillian,Ghislaine,Saines,F,1965-10-01T04:00:00.000+0000,980-33-7915,62193
184,Trista,Danna,Titchmarsh,F,1985-01-29T05:00:00.000+0000,984-38-6117,76821
185,Myriam,Asha,Fraczek,F,1958-08-25T04:00:00.000+0000,944-71-3490,56329
186,Loise,Scottie,Ible,F,1952-01-02T05:00:00.000+0000,969-34-8001,67126
187,Nelle,Candy,Plummer,F,1997-01-19T05:00:00.000+0000,978-50-7890,39690
188,Maryrose,Elsie,Gleadhell,F,1966-12-28T05:00:00.000+0000,999-31-4649,91983
189,Chun,Kittie,Yurshev,F,1957-06-18T04:00:00.000+0000,934-79-7226,78241
190,Katina,Arline,O'Nowlan,F,1980-12-19T05:00:00.000+0000,947-39-1979,58894
191,Gretta,Melania,Kitman,F,1955-10-24T04:00:00.000+0000,900-43-5591,74734
192,Sima,Ethelyn,Giveen,F,1988-05-10T04:00:00.000+0000,964-66-8838,67595
193,Denyse,Nohemi,Turtle,F,1969-04-27T05:00:00.000+0000,922-11-6418,69598
194,Carmelina,Azucena,Leacy,F,1996-11-03T05:00:00.000+0000,903-11-1591,73749
195,Adeline,Melani,O'Geneay,F,1988-06-07T04:00:00.000+0000,940-96-5753,56515
196,Mattie,Tiny,Thoumasson,F,1996-09-29T04:00:00.000+0000,666-31-7277,95645
197,Wilda,Verlie,Ledson,F,1998-04-22T04:00:00.000+0000,977-94-4865,72232
198,Carolann,Anna,Tenman,F,1962-02-18T05:00:00.000+0000,933-33-5113,63070
199,Tasha,Josefine,Crufts,F,1996-05-12T04:00:00.000+0000,911-66-6782,55579
200,Marla,Johna,Goodale,F,1979-07-07T04:00:00.000+0000,956-68-6844,55696
201,Karen,Teressa,Chapelhow,F,1958-10-06T04:00:00.000+0000,968-17-4598,100852
202,Robena,Lynette,Bellsham,F,1996-01-08T05:00:00.000+0000,969-12-1155,101020
203,Yuko,Coralie,Emps,F,1986-12-04T05:00:00.000+0000,971-67-5858,67607
204,Alyce,Tameka,Loghan,F,1972-11-29T05:00:00.000+0000,904-53-3534,54605
205,Domonique,Carolin,Tricker,F,1980-12-30T05:00:00.000+0000,910-18-5306,59619
206,Francoise,Cristal,Showell,F,1964-10-12T04:00:00.000+0000,909-17-5609,55253
207,Deandra,Kyle,Extal,F,1994-01-03T05:00:00.000+0000,994-77-1707,75845
208,Gertude,Yung,Meikle,F,1986-04-16T05:00:00.000+0000,666-98-1537,65069
209,Rebbeca,Adrianna,MacTerrelly,F,1967-10-09T04:00:00.000+0000,932-46-4898,77826
210,Eryn,Linh,Spelling,F,1975-06-14T04:00:00.000+0000,985-90-8002,62247
211,Detra,Gabriella,Oake,F,1956-12-28T05:00:00.000+0000,924-43-3648,88120
212,Moriah,Ilana,Johncey,F,1996-05-29T04:00:00.000+0000,960-30-9853,79202
213,Lorrine,Pei,McColgan,F,1955-01-30T05:00:00.000+0000,973-79-5880,49554
214,Angelia,Dorothy,Denley,F,1982-06-23T04:00:00.000+0000,911-77-4660,100027
215,Jetta,Annelle,Greave,F,1992-05-21T04:00:00.000+0000,988-43-8304,63341
216,Noma,Lula,Davidi,F,1954-06-12T04:00:00.000+0000,926-37-7884,94274
217,Jeannie,Blanch,Neal,F,1983-07-04T04:00:00.000+0000,902-71-7409,98687
218,Elene,Christinia,Cashman,F,1955-01-27T05:00:00.000+0000,906-24-3432,81036
219,Elwanda,Bree,Macewan,F,1953-10-15T05:00:00.000+0000,936-95-7868,77039
220,Anya,Machelle,Alben,F,1998-06-27T04:00:00.000+0000,992-48-8976,92219
221,Carisa,Shellie,Learman,F,1989-04-29T04:00:00.000+0000,930-17-2330,57825
222,Nicky,Etta,Pietranek,F,1971-07-14T04:00:00.000+0000,915-52-9791,88109
223,Catalina,Pilar,Scolli,F,1992-01-10T05:00:00.000+0000,933-10-5042,123917
224,Jann,Scarlett,Steiner,F,1987-08-16T04:00:00.000+0000,990-88-4673,92753
225,Kami,Edythe,Free,F,1986-10-07T04:00:00.000+0000,941-39-3168,65836
226,Vergie,Jasmin,Raubenheim,F,1977-12-13T05:00:00.000+0000,997-90-2074,80201
227,Donnetta,Elvia,Mackness,F,1973-06-07T04:00:00.000+0000,955-88-6375,42512
228,Frances,Ronna,Worssam,F,1999-01-14T05:00:00.000+0000,977-88-6916,90982
229,Natasha,Delphia,Andino,F,1990-12-26T05:00:00.000+0000,989-80-4962,72862
230,Dia,Sherlene,Bromehed,F,1993-07-10T04:00:00.000+0000,965-66-3790,79180
231,Demetrice,Jewell,Farley,F,1971-03-03T05:00:00.000+0000,980-55-9005,52645
232,Joyce,Iona,Jantet,F,1954-01-13T05:00:00.000+0000,912-16-7364,57929
233,Dagny,Euna,Ashfull,F,1981-01-18T05:00:00.000+0000,945-27-7902,89792
234,Kimiko,Jovan,Lawford,F,1969-03-16T05:00:00.000+0000,904-61-2375,85252
235,Sheron,Denna,Dandison,F,1962-12-31T05:00:00.000+0000,921-47-7363,83007
236,Juli,Loree,Penhearow,F,1974-10-12T04:00:00.000+0000,900-98-3821,97974
237,Magdalena,Kisha,Horley,F,1985-01-09T05:00:00.000+0000,941-74-5102,109470
238,Jodie,Janina,Angel,F,1993-11-20T05:00:00.000+0000,960-89-4452,101537
239,Coralie,Callie,Pennyman,F,1978-12-30T05:00:00.000+0000,980-34-6131,119564
240,Lanell,Shae,Yukhnini,F,1985-08-22T04:00:00.000+0000,993-76-2923,86460
241,Chris,Yung,Roskelley,F,1966-06-25T04:00:00.000+0000,967-81-4896,53039
242,Minna,Honey,Bourhill,F,1973-04-29T05:00:00.000+0000,991-90-1364,86314
243,Arianna,Gaylene,Wale,F,1977-10-14T04:00:00.000+0000,944-43-6032,80850
244,Kelly,Verena,Chaloner,F,1988-08-28T04:00:00.000+0000,950-65-7220,103390
245,Miss,Lenita,Bauchop,F,1954-04-25T05:00:00.000+0000,959-32-7968,87997
246,Carey,Keshia,Gaywood,F,1956-06-15T04:00:00.000+0000,997-76-3945,78270
247,Toccara,Ninfa,Bambrick,F,1968-03-26T05:00:00.000+0000,974-52-8724,55669
248,Latasha,Mozella,Shuker,F,1971-04-15T05:00:00.000+0000,905-90-7659,65530
249,Kristian,Sheilah,Bowcock,F,1994-08-09T04:00:00.000+0000,953-27-6589,51079
250,Deloras,Lilla,Beavers,F,1965-05-14T04:00:00.000+0000,985-80-5566,60371
251,Avril,Santa,Bruggen,F,1998-06-02T04:00:00.000+0000,968-74-1391,59021
252,Kayce,Neta,Beadles,F,1997-06-20T04:00:00.000+0000,919-49-8885,80138
253,Chang,Liz,Benettelli,F,1963-06-28T04:00:00.000+0000,984-59-5972,110935
254,Louis,Eleni,Heister,F,1965-02-12T05:00:00.000+0000,933-58-7559,70727
255,Cari,Concepcion,Marking,F,1989-07-30T04:00:00.000+0000,942-68-2415,100650
256,Pia,Eldora,Harverson,F,1991-04-09T04:00:00.000+0000,993-88-4223,82781
257,Yolando,Harriett,Sorley,F,1999-12-05T05:00:00.000+0000,953-34-5589,65734
258,Kera,Karine,Nelthorp,F,1971-10-16T04:00:00.000+0000,966-69-3342,56006
259,Vertie,Corliss,Cadlock,F,1952-12-18T05:00:00.000+0000,966-96-5344,85608
260,Shery,Ivey,Lawler,F,1997-02-28T05:00:00.000+0000,915-64-6224,54529
261,Melda,Lenita,Storre,F,1992-02-23T05:00:00.000+0000,910-53-4744,79678
262,Madlyn,Leigha,Akam,F,1952-09-01T04:00:00.000+0000,921-65-1347,76091
263,Zetta,Alona,Groomebridge,F,1971-06-24T04:00:00.000+0000,936-88-1516,66749
264,Keturah,Mirtha,Krauze,F,1996-01-16T05:00:00.000+0000,907-24-6285,72522
265,Janine,Providencia,Diggell,F,1987-07-17T04:00:00.000+0000,974-77-6694,80755
266,Rina,Tegan,Harmeston,F,1968-02-21T05:00:00.000+0000,969-11-7087,46251
267,Nichelle,Ashleigh,Lemmen,F,1991-09-01T04:00:00.000+0000,951-94-4647,73935
268,Eun,Michell,Gooly,F,1954-09-02T04:00:00.000+0000,920-18-7418,74247
269,Celestina,Elisa,Byre,F,1989-08-16T04:00:00.000+0000,991-25-2865,47755
270,Venessa,Janice,Canning,F,1985-08-24T04:00:00.000+0000,951-51-5880,39304
271,Minnie,Lenita,Berceros,F,1974-02-12T04:00:00.000+0000,945-88-1988,83713
272,Christia,Nancee,Hammand,F,1986-07-21T04:00:00.000+0000,965-77-5387,53023
273,Letisha,Echo,Livesley,F,1995-12-25T05:00:00.000+0000,904-89-1912,22639
274,Bronwyn,Victorina,Riglesford,F,1984-06-26T04:00:00.000+0000,943-15-7139,81634
275,Sasha,Lolita,Bedinham,F,1973-12-30T05:00:00.000+0000,960-16-6845,58353
276,Celina,Jayna,Dayley,F,1984-11-05T05:00:00.000+0000,976-46-4404,57412
277,Sumiko,Sean,Vidyapin,F,1964-01-17T05:00:00.000+0000,968-38-8450,71047
278,Jeanie,Deadra,Klyner,F,1959-11-02T05:00:00.000+0000,999-30-7030,50985
279,Angelica,Jerica,Landreth,F,1981-05-13T04:00:00.000+0000,982-24-5095,81134
280,Yan,Shaina,Rubinfajn,F,1971-09-23T04:00:00.000+0000,998-59-7352,89227
281,Megan,Savanna,Willes,F,1990-09-29T04:00:00.000+0000,955-15-5476,23132
282,Jannie,Danille,Chetwin,F,1952-07-18T04:00:00.000+0000,915-27-5413,73902
283,Fannie,Darcy,Taffrey,F,1997-02-28T05:00:00.000+0000,944-55-1368,68363
284,Donnie,Vincenza,Bellelli,F,1958-12-30T05:00:00.000+0000,999-37-1139,81281
285,Elma,Lorina,Labuschagne,F,1959-03-02T05:00:00.000+0000,927-89-4751,77580
286,Ernestine,Daniele,Metzel,F,1953-09-12T04:00:00.000+0000,958-96-5442,55057
287,Tynisha,Shandi,Loomis,F,1997-07-30T04:00:00.000+0000,998-98-5921,93969
288,Apryl,Andria,Beels,F,1982-07-31T04:00:00.000+0000,951-19-3557,81941
289,Goldie,Inell,Thaxter,F,1955-08-30T04:00:00.000+0000,960-20-7869,78056
290,Gigi,Lecia,Woosnam,F,1979-12-04T05:00:00.000+0000,963-35-8300,113420
291,Hildred,Dianna,Libbie,F,1984-07-14T04:00:00.000+0000,970-74-9764,56563
292,Ivory,Deandrea,Matelyunas,F,1957-06-19T04:00:00.000+0000,909-26-8871,74108
293,Alida,Peggy,Bracher,F,1972-09-18T04:00:00.000+0000,953-82-2303,107303
294,Jeanene,Leslee,Farreil,F,1998-08-09T04:00:00.000+0000,935-88-5593,84167
295,Celestina,Aurora,Truce,F,1996-12-20T05:00:00.000+0000,914-18-8465,86422
296,Ann,Vinita,Roscher,F,1986-05-31T04:00:00.000+0000,936-40-3049,36909
297,Ara,Marie,Yirrell,F,1985-01-07T05:00:00.000+0000,941-64-1407,65106
298,Lavonia,Lettie,Kiddye,F,1999-09-19T04:00:00.000+0000,992-74-3734,87422
299,Jada,Lela,Sussams,F,1961-09-06T04:00:00.000+0000,995-66-4789,72445
300,Charlene,Waneta,Stodd,F,1986-04-05T05:00:00.000+0000,972-46-3270,47899
301,Rosenda,Frida,Burdis,F,1980-07-30T04:00:00.000+0000,959-78-4962,72829
302,Marsha,Toshia,Betho,F,1973-03-21T05:00:00.000+0000,666-40-3135,66738
303,Lizzie,Noreen,Hellwing,F,1996-12-16T05:00:00.000+0000,962-61-6442,51245
304,Evelynn,Lovetta,Braund,F,1984-05-02T04:00:00.000+0000,994-77-2966,63303
305,Afton,Eden,Klimes,F,1993-02-17T05:00:00.000+0000,992-54-8408,71136
306,Hanna,Ellyn,Grisley,F,1958-10-24T04:00:00.000+0000,927-40-4669,52914
307,Lianne,Antonette,Dack,F,1964-01-28T05:00:00.000+0000,980-30-9926,44908
308,Eunice,Terina,Ryhorovich,F,1954-08-26T04:00:00.000+0000,901-10-3260,76554
309,Keturah,Madlyn,Minithorpe,F,1977-02-01T05:00:00.000+0000,924-75-5904,79550
310,Tasha,Lorean,Kemshell,F,1986-05-03T04:00:00.000+0000,991-32-5661,24574
311,Cheryle,Dreama,Whiten,F,1985-04-28T05:00:00.000+0000,960-73-9943,40689
312,Kecia,Jannet,Conroy,F,1973-05-07T04:00:00.000+0000,936-57-1374,73184
313,Maura,Mitsuko,Van Dijk,F,1955-08-17T04:00:00.000+0000,916-54-3493,50640
314,Ceola,Lashon,Castagna,F,1953-12-13T05:00:00.000+0000,908-85-9850,85837
315,Talisha,Lavonne,Hover,F,1953-06-18T04:00:00.000+0000,923-61-5187,80665
316,Melaine,Annis,Vlasyuk,F,1997-09-02T04:00:00.000+0000,987-92-2436,64325
317,Shirley,Deidre,Pikhno,F,1979-11-14T05:00:00.000+0000,919-31-6376,11393
318,Meda,Shawna,Foulkes,F,1981-02-13T05:00:00.000+0000,957-12-2900,79142
319,Clora,Cari,Ibbotson,F,1977-07-29T04:00:00.000+0000,998-10-3536,46492
320,Ming,Chantal,Stonestreet,F,1977-05-30T04:00:00.000+0000,900-75-6678,56694
321,Marilyn,Ha,Dagger,F,1992-08-22T04:00:00.000+0000,908-22-6030,86345
322,Ada,Nidia,Fowlston,F,1956-07-16T04:00:00.000+0000,965-47-3150,95613
323,Shemika,Arnetta,Ashburner,F,1953-04-09T05:00:00.000+0000,948-88-7353,100242
324,Lavonna,Marget,Whyatt,F,1962-01-11T05:00:00.000+0000,918-92-7188,84658
325,Pura,Luanne,Stroband,F,1997-08-02T04:00:00.000+0000,913-97-1844,73750
326,Verlene,Emogene,Biford,F,1981-08-16T04:00:00.000+0000,945-80-8061,126588
327,Andrea,Josie,Loney,F,1965-08-08T04:00:00.000+0000,939-59-2912,94514
328,Candyce,Valentina,Billie,F,1954-02-05T05:00:00.000+0000,933-21-8039,67210
329,Cora,Johnnie,Wentworth,F,1959-04-02T05:00:00.000+0000,934-81-6307,67065
330,Altha,Contessa,Terne,F,1992-04-21T04:00:00.000+0000,924-49-8199,101372
331,Irma,Shanelle,Linsay,F,1969-10-01T04:00:00.000+0000,925-37-4056,105802
332,Leticia,Louie,Illem,F,1982-02-17T05:00:00.000+0000,988-38-2834,115405
333,Scarlett,Veronika,Klouz,F,1988-11-23T05:00:00.000+0000,920-91-5450,67002
334,Tanya,Darcie,Connop,F,1995-12-31T05:00:00.000+0000,952-70-5322,63369
335,Margert,Brandon,Malam,F,1999-03-15T05:00:00.000+0000,920-17-3130,47157
336,Constance,Anissa,Lawry,F,1987-07-22T04:00:00.000+0000,926-38-1921,93911
337,Carola,Brunilda,Petrello,F,1989-06-21T04:00:00.000+0000,995-19-6967,52912
338,Brenda,Yajaira,Blincow,F,1970-06-05T04:00:00.000+0000,972-96-9729,100720
339,Lanora,Lesli,Keightley,F,1986-04-04T05:00:00.000+0000,979-72-4445,59216
340,Asha,Kristie,Flett,F,1960-05-22T04:00:00.000+0000,941-80-2445,39079
341,Marybeth,Susana,Lovell,F,1999-12-24T05:00:00.000+0000,925-15-4166,75543
342,Myrta,Patrice,Fareweather,F,1957-01-24T05:00:00.000+0000,935-29-5298,77959
343,Carlotta,Hillary,Pleasaunce,F,1960-04-06T05:00:00.000+0000,934-86-1423,81336
344,Charlyn,Vivienne,Soppeth,F,1992-12-11T05:00:00.000+0000,919-17-3219,66338
345,Etta,Florentina,Glyne,F,1958-11-25T05:00:00.000+0000,994-18-7890,79286
346,Casey,Curtis,Grishin,F,1956-07-24T04:00:00.000+0000,979-91-9476,47083
347,Jesusita,Gussie,Abrahmer,F,1988-06-15T04:00:00.000+0000,983-54-9281,57695
348,Andra,Ami,Player,F,1984-09-10T04:00:00.000+0000,986-41-7846,97363
349,Leisha,Doris,Fenwick,F,1960-10-27T04:00:00.000+0000,980-72-3252,78918
350,Chantelle,Janell,Trahar,F,1956-12-21T05:00:00.000+0000,913-55-1969,85051
351,Gabriella,Annabel,Ricioppo,F,1979-12-25T05:00:00.000+0000,979-60-2845,82338
352,Enedina,Debi,Shilito,F,1995-11-09T05:00:00.000+0000,961-91-9248,115971
353,Kelsey,Zula,Lorey,F,1953-06-02T04:00:00.000+0000,980-72-1357,42939
354,Samantha,Rema,Worms,F,1970-02-22T05:00:00.000+0000,943-84-9242,19249
355,Yi,Calandra,Crosser,F,1965-11-13T05:00:00.000+0000,992-20-2447,38592
356,Jenni,Shantel,Sargint,F,1991-06-01T04:00:00.000+0000,934-92-9157,95165
357,Melody,Peggy,Pearcey,F,1982-01-09T05:00:00.000+0000,977-82-6405,103622
358,Marvella,Cathi,Pigney,F,1972-11-27T05:00:00.000+0000,993-28-9292,73441
359,Kayleen,Barbra,Domm,F,1976-12-07T05:00:00.000+0000,995-76-5810,62870
360,Kanesha,Katelin,Kloisner,F,1985-10-19T04:00:00.000+0000,983-53-3151,66573
361,Tameika,Sherley,Gueny,F,1968-01-29T05:00:00.000+0000,937-87-6633,66666
362,Stefanie,Shaunda,Fuggle,F,1953-10-06T05:00:00.000+0000,933-29-1231,79185
363,So,Hien,Caskie,F,1979-04-12T05:00:00.000+0000,954-29-4185,53097
364,Arlinda,Alene,Tilte,F,1957-02-20T05:00:00.000+0000,961-48-7930,57645
365,Porsche,Tammie,Birds,F,1985-09-25T04:00:00.000+0000,997-18-9218,85618
366,Nora,Twila,Gosnell,F,1990-02-08T05:00:00.000+0000,917-39-4841,80424
367,Liza,Michelina,Colton,F,1986-08-16T04:00:00.000+0000,991-64-1310,93724
368,Flavia,Earlie,Ashborne,F,1997-08-22T04:00:00.000+0000,981-63-1449,68212
369,Branda,Madalene,O'Growgane,F,1976-03-06T05:00:00.000+0000,906-21-4713,61288
370,Sun,Kenna,Bartram,F,1983-11-06T05:00:00.000+0000,914-29-2108,83281
371,Brittni,Micha,Kleinhaut,F,1962-04-19T05:00:00.000+0000,958-27-5620,95261
372,Arlena,Azucena,Trunby,F,1982-03-15T05:00:00.000+0000,922-60-6411,103732
373,Felice,Lelah,Kid,F,1979-10-27T04:00:00.000+0000,967-18-1618,88392
374,Alice,Sheridan,Imlacke,F,1981-07-18T04:00:00.000+0000,981-20-2851,107158
375,Creola,Yan,Janiszewski,F,1985-02-20T05:00:00.000+0000,904-75-3012,68477
376,Sumiko,Chelsie,McCarter,F,1987-02-03T05:00:00.000+0000,941-79-6035,29814
377,Karen,Nichelle,Leveret,F,1969-02-07T05:00:00.000+0000,958-12-2896,28693
378,Jonie,Carina,Skrine,F,1962-03-11T05:00:00.000+0000,905-33-6906,73233
379,Cicely,Lael,Sidney,F,1959-03-05T05:00:00.000+0000,991-21-7412,46597
380,Maxima,Gina,Dmytryk,F,1969-12-01T05:00:00.000+0000,969-74-3661,67929
381,Eugenie,Shonna,Doonican,F,1989-01-25T05:00:00.000+0000,954-16-8896,-6523
382,Sammy,Loise,Spelsbury,F,1953-08-02T04:00:00.000+0000,956-53-2987,62740
383,Shanda,Cassaundra,Mangeon,F,1991-05-16T04:00:00.000+0000,943-95-1916,86693
384,Noemi,Kenyatta,Boothebie,F,1990-10-05T04:00:00.000+0000,972-54-9719,82384
385,Blanca,Micki,Abrahim,F,1980-03-31T05:00:00.000+0000,966-73-2530,51174
386,Adeline,Dominga,Brittian,F,1973-01-30T05:00:00.000+0000,927-92-5942,54880
387,Lannie,Marci,Prozillo,F,1998-05-28T04:00:00.000+0000,971-84-3142,68982
388,Marlin,Tien,Leechman,F,1998-12-09T05:00:00.000+0000,916-20-2842,48800
389,Gussie,Sharda,Cluelow,F,1969-02-08T05:00:00.000+0000,978-11-1997,48097
390,Alma,Kristle,Matz,F,1981-05-20T04:00:00.000+0000,995-96-9839,77408
391,Misty,Valeria,Morat,F,1989-02-27T05:00:00.000+0000,955-92-1167,70559
392,Lisabeth,Kendra,Churching,F,1961-09-10T04:00:00.000+0000,980-97-3071,58033
393,Georgetta,Piedad,Masson,F,1962-07-14T04:00:00.000+0000,666-85-3173,68884
394,Bettye,Rosalva,Fallon,F,1953-05-20T04:00:00.000+0000,973-47-7301,49047
395,Naoma,Tasia,Orcas,F,1976-02-04T05:00:00.000+0000,963-97-4681,73948
396,Dede,Candice,Spondley,F,1983-07-19T04:00:00.000+0000,973-66-3040,22576
397,Kathyrn,Euna,Cohr,F,1996-05-23T04:00:00.000+0000,952-87-3699,62644
398,Patsy,Frida,Kares,F,1958-01-03T05:00:00.000+0000,905-60-6106,88267
399,Ariane,Alesha,Edden,F,1995-08-23T04:00:00.000+0000,997-24-9280,59872
400,Johnetta,Aleisha,Bagguley,F,1966-06-21T04:00:00.000+0000,944-40-5692,88049
401,Marita,Darleen,Carlone,F,1986-12-12T05:00:00.000+0000,974-65-5892,43527
402,Bobby,Valery,Koppke,F,1989-12-21T05:00:00.000+0000,936-60-7027,53090
403,Thu,Rossie,Redmille,F,1988-01-07T05:00:00.000+0000,949-77-1569,119220
404,India,Iraida,Pointer,F,1984-02-20T05:00:00.000+0000,992-38-7829,80624
405,Deandrea,Jayna,Grollmann,F,1973-09-12T04:00:00.000+0000,982-23-7045,88085
406,Darcy,Anastasia,Carpmile,F,1986-10-21T04:00:00.000+0000,968-61-5514,55057
407,Arletha,Gillian,Wasteney,F,1958-08-16T04:00:00.000+0000,981-94-7665,77969
408,Elvie,Omega,Braams,F,1971-11-16T05:00:00.000+0000,954-91-4054,42826
409,Aura,Beulah,Tiddeman,F,1956-04-01T05:00:00.000+0000,996-87-3713,83470
410,Kristal,Joyce,Chyuerton,F,1956-07-17T04:00:00.000+0000,906-72-3043,95029
411,Beatriz,Ching,O'Scollee,F,1999-09-07T04:00:00.000+0000,969-38-6534,54599
412,Serafina,Ramonita,Gooday,F,1955-01-11T05:00:00.000+0000,950-59-8539,79116
413,Hortense,Maye,Thackray,F,1977-11-08T05:00:00.000+0000,916-21-7371,39386
414,Gia,Lesli,Juara,F,1957-02-21T05:00:00.000+0000,930-63-5015,58848
415,Angeline,Karlene,Liveing,F,1963-10-18T04:00:00.000+0000,992-15-7713,76278
416,Carley,Roxana,Ring,F,1992-05-14T04:00:00.000+0000,927-15-8911,71026
417,Denae,Karisa,Berfoot,F,1966-01-07T05:00:00.000+0000,965-18-7214,99355
418,Maurine,Ingeborg,Budgen,F,1953-08-01T04:00:00.000+0000,941-32-9480,93895
419,Jadwiga,Margurite,Maidlow,F,1989-02-05T05:00:00.000+0000,938-47-5439,64615
420,Felicitas,Shanae,Wrathmall,F,1967-11-26T05:00:00.000+0000,988-96-6525,62232
421,Davina,Idella,Decker,F,1999-07-06T04:00:00.000+0000,905-52-9038,66244
422,Palmira,Petronila,Smurfit,F,1967-03-13T05:00:00.000+0000,905-21-2978,79582
423,Gigi,Bettie,Cracoe,F,1974-10-25T04:00:00.000+0000,991-50-2889,73836
424,Mollie,Ariane,Tinton,F,1958-03-21T05:00:00.000+0000,962-21-4712,36237
425,Natisha,Christinia,Stapforth,F,1955-06-11T04:00:00.000+0000,902-52-5400,84905
426,Ann,Leone,Peddie,F,1978-01-17T05:00:00.000+0000,945-98-1180,57985
427,Jovita,Kimi,Giraux,F,1966-11-12T05:00:00.000+0000,903-47-7087,102009
428,Lidia,Brittni,Machen,F,1969-04-07T05:00:00.000+0000,962-34-2857,51287
429,Celestine,Norah,Rivitt,F,1961-09-07T04:00:00.000+0000,929-88-6874,78212
430,Danette,Andra,Follitt,F,1978-08-10T04:00:00.000+0000,954-80-2395,70165
431,Melani,Davina,Gumb,F,1972-02-10T05:00:00.000+0000,912-28-8675,91298
432,Leeanna,Nikita,Upfold,F,1962-04-04T05:00:00.000+0000,909-43-2723,107690
433,Angela,Augustina,Kunisch,F,1996-07-01T04:00:00.000+0000,935-85-5005,34907
434,Amiee,Dierdre,Curtois,F,1999-03-22T05:00:00.000+0000,995-14-8154,80232
435,Onie,Candra,Bucktharp,F,1975-10-27T05:00:00.000+0000,948-79-4743,91683
436,Mariah,Arcelia,Carlsen,F,1974-12-08T05:00:00.000+0000,910-71-6887,73301
437,Thu,Dawn,Theunissen,F,1955-08-02T04:00:00.000+0000,938-62-5777,84026
438,Odilia,Janie,Copplestone,F,1992-01-28T05:00:00.000+0000,958-36-8501,92985
439,Shonda,Penelope,Trippitt,F,1973-12-26T05:00:00.000+0000,913-35-4816,71077
440,Nguyet,Lindsy,Goldup,F,1961-12-28T05:00:00.000+0000,909-86-7158,85116
441,Carita,Sanjuana,Deakan,F,1968-07-27T04:00:00.000+0000,907-78-4657,75796
442,Carmelina,Leda,Giuron,F,1973-11-01T05:00:00.000+0000,930-31-7374,57418
443,Rosamond,Porsha,Village,F,1971-07-10T04:00:00.000+0000,926-32-9214,90474
444,Sarina,Joselyn,Halse,F,1972-10-30T05:00:00.000+0000,954-96-8795,58930
445,Glennis,Milagro,Isenor,F,1998-07-21T04:00:00.000+0000,936-37-1719,53780
446,Angelina,Aleida,Schubart,F,1984-06-03T04:00:00.000+0000,994-31-5833,73818
447,Elaine,Meda,Leavey,F,1980-02-08T05:00:00.000+0000,927-42-5250,49737
448,Shawnta,Marceline,Verissimo,F,1964-03-10T05:00:00.000+0000,908-21-8302,52418
449,Cynthia,Azzie,Mollnar,F,1966-02-22T05:00:00.000+0000,945-41-8037,104477
450,Peg,Crysta,Elcock,F,1987-08-20T04:00:00.000+0000,968-52-8668,84261
451,Olimpia,Vivien,Doubrava,F,1996-09-16T04:00:00.000+0000,956-28-5668,42356
452,Aleta,Golda,Deboy,F,1992-03-16T05:00:00.000+0000,972-57-9148,57547
453,Karie,Shalon,Gaymer,F,1972-01-25T05:00:00.000+0000,966-70-7770,40672
454,Lidia,Dolly,Anyene,F,1976-04-09T05:00:00.000+0000,987-31-8992,60506
455,Lashay,Lonnie,Berick,F,1968-01-23T05:00:00.000+0000,994-53-6352,57710
456,Sandie,Hannah,Murt,F,1976-08-29T04:00:00.000+0000,983-57-3500,47841
457,Eneida,Exie,Arthy,F,1991-08-16T04:00:00.000+0000,959-35-4475,77594
458,Kayla,Sindy,Lacase,F,1955-11-04T05:00:00.000+0000,907-49-8644,113506
459,Ewa,Kimbra,Tabart,F,1957-07-09T04:00:00.000+0000,934-51-8998,53685
460,Maragaret,Lise,Wilsey,F,1970-08-10T04:00:00.000+0000,927-27-6452,68661
461,Diedre,Clorinda,Gaines,F,1963-10-06T04:00:00.000+0000,948-63-4699,74271
462,Violeta,Dorris,Redon,F,1993-03-18T05:00:00.000+0000,999-41-6281,66836
463,Tenisha,Tiffani,Dyster,F,1964-09-24T04:00:00.000+0000,926-73-8886,61278
464,Staci,Ivette,Petrazzi,F,1970-10-13T04:00:00.000+0000,938-87-9128,73906
465,Cary,Zulma,Stuckley,F,1982-10-25T04:00:00.000+0000,953-31-8245,50824
466,Shameka,Winona,Kliner,F,1998-03-11T05:00:00.000+0000,991-92-5876,97915
467,Kyla,Maisha,Kyteley,F,1968-08-25T04:00:00.000+0000,978-98-5637,108158
468,Tarsha,Lina,Halse,F,1992-09-11T04:00:00.000+0000,956-34-7851,18105
469,Roxana,Marci,Vick,F,1984-12-06T05:00:00.000+0000,942-98-9835,93392
470,Christie,Arvilla,Swinyard,F,1990-08-15T04:00:00.000+0000,969-39-6174,83084
471,Chanelle,Lilly,Lowthorpe,F,1993-06-09T04:00:00.000+0000,964-29-2221,90768
472,Euna,Margot,Tarbin,F,1968-04-15T05:00:00.000+0000,984-28-3166,79351
473,Maryam,Jodi,Avesque,F,1985-07-26T04:00:00.000+0000,976-54-7452,62133
474,Kendall,Ana,Seelbach,F,1959-10-17T04:00:00.000+0000,964-40-9257,43705
475,Margarite,Andra,Binne,F,1995-06-21T04:00:00.000+0000,961-40-9781,83061
476,Thersa,Tabatha,Bunson,F,1991-10-31T05:00:00.000+0000,977-76-1681,47247
477,Bobby,Ivey,Hardwicke,F,1953-01-01T05:00:00.000+0000,908-35-5377,104633
478,Shanta,Bula,Leyman,F,1965-03-03T05:00:00.000+0000,917-87-7094,82701
479,Odette,Tanna,Heining,F,1995-06-17T04:00:00.000+0000,954-35-4298,107898
480,Kimberlie,Alda,Petracco,F,1993-11-21T05:00:00.000+0000,949-48-3161,84656
481,Socorro,Teresia,Attenborough,F,1952-11-20T05:00:00.000+0000,986-13-6326,93414
482,Bibi,Jennefer,Minister,F,1987-11-26T05:00:00.000+0000,918-45-2185,88546
483,Sean,Emilia,Bellino,F,1980-08-17T04:00:00.000+0000,969-11-9490,128957
484,Shelia,Charline,Quinnelly,F,1954-07-18T04:00:00.000+0000,959-42-2880,69673
485,Brittni,Lien,Whoolehan,F,1980-10-13T04:00:00.000+0000,988-13-2133,51348
486,Ingeborg,Felicita,Agneau,F,1972-03-20T05:00:00.000+0000,935-38-8325,41519
487,Qiana,Lauran,Paris,F,1958-01-06T05:00:00.000+0000,983-32-2134,66938
488,Meaghan,Merilyn,De Bullion,F,1963-03-29T05:00:00.000+0000,970-33-9650,53692
489,Jacinda,Leonarda,Laweles,F,1963-01-02T05:00:00.000+0000,946-53-8824,71508
490,Kimbra,Nicholle,Aulton,F,1969-08-27T04:00:00.000+0000,965-19-5769,112703
491,Dakota,Leatrice,Birchenough,F,1991-04-19T04:00:00.000+0000,917-54-2764,69111
492,Thuy,Joni,Deackes,F,1976-04-06T05:00:00.000+0000,923-75-4976,70396
493,Lavone,Basilia,Le Huquet,F,1961-08-03T04:00:00.000+0000,937-16-6815,123898
494,Lakita,Malvina,Wittman,F,1996-02-18T05:00:00.000+0000,937-78-8065,49463
495,Devora,Gloria,Cantillon,F,1956-06-03T04:00:00.000+0000,981-26-5493,58356
496,Tawana,Marlyn,Dabnot,F,1991-08-12T04:00:00.000+0000,995-83-5294,61301
497,Gayle,Kelly,Hallin,F,1995-12-21T05:00:00.000+0000,943-43-9924,58506
498,Kiersten,Lashonda,Roskruge,F,1988-08-20T04:00:00.000+0000,934-29-2306,71409
499,Ingeborg,Avery,Pagett,F,1968-08-04T04:00:00.000+0000,927-75-6654,81148
500,Ronni,Dusti,Jakucewicz,F,1971-09-02T04:00:00.000+0000,955-85-4926,66273
501,Aline,Deloris,Beardsworth,F,1990-05-15T04:00:00.000+0000,666-33-7782,66081
502,Deena,Bobbi,Franzolini,F,1995-12-22T05:00:00.000+0000,972-18-2762,90796
503,Tequila,Clotilde,Redferne,F,1985-04-19T05:00:00.000+0000,934-69-1978,78753
504,Sueann,Albertine,Laux,F,1996-10-27T04:00:00.000+0000,951-65-7981,55696
505,Queen,Maya,Patullo,F,1999-09-28T04:00:00.000+0000,966-71-3650,46149
506,Carmel,Renae,Geraldi,F,1963-02-14T05:00:00.000+0000,925-66-1486,42014
507,Lizette,Argelia,Bortolussi,F,1976-04-06T05:00:00.000+0000,924-17-6757,82846
508,Janessa,Wesley,Paddington,F,1953-03-04T05:00:00.000+0000,955-53-4381,69036
509,Samatha,Maybell,Cage,F,1958-03-05T05:00:00.000+0000,924-48-7479,81976
510,Eilene,Kirstie,Pontefract,F,1970-02-20T05:00:00.000+0000,920-98-1889,82281
511,Macie,Tessa,Frankish,F,1972-04-08T05:00:00.000+0000,906-16-7246,61688
512,Tonisha,Mathilde,Entwisle,F,1968-10-01T04:00:00.000+0000,903-27-7407,111928
513,Mellisa,Arianna,Huncoot,F,1992-11-20T05:00:00.000+0000,935-51-3519,57889
514,Jame,Laurena,Jorn,F,1993-08-23T04:00:00.000+0000,993-52-2436,80784
515,Chanda,Adena,Kingston,F,1969-07-05T04:00:00.000+0000,965-21-1471,82235
516,Jamie,Piedad,Self,F,1976-03-12T05:00:00.000+0000,971-65-3244,76540
517,Yer,Susy,Lehon,F,1988-10-05T04:00:00.000+0000,915-38-7747,54859
518,Deana,Etha,Ackerman,F,1974-08-29T04:00:00.000+0000,990-41-4998,96041
519,Adrienne,Catalina,Pretty,F,1993-01-13T05:00:00.000+0000,901-57-3844,49687
520,Nia,Jana,Challicum,F,1988-11-13T05:00:00.000+0000,966-52-8323,57785
521,Jacelyn,Kanesha,Christon,F,1973-04-10T05:00:00.000+0000,940-37-5129,63933
522,Lonna,Gayla,Wardrop,F,1986-07-08T04:00:00.000+0000,910-67-5070,65850
523,Nella,Luanne,Carvil,F,1986-10-20T04:00:00.000+0000,953-78-3784,89413
524,Zita,Alene,Pumfrey,F,1952-02-15T05:00:00.000+0000,928-54-5226,42124
525,Carolyn,Elenor,Moncey,F,1978-08-24T04:00:00.000+0000,905-71-3270,107863
526,Vi,Elke,Harmes,F,1974-09-29T04:00:00.000+0000,935-70-4914,66782
527,Alice,Dian,Bischoff,F,1983-11-26T05:00:00.000+0000,931-62-3413,84897
528,Hang,Nicola,Lummis,F,1991-03-04T05:00:00.000+0000,981-17-2250,88304
529,Lizbeth,Mozell,Lamba,F,1981-01-28T05:00:00.000+0000,915-12-7465,54962
530,Thersa,Wen,Guthrie,F,1959-01-17T05:00:00.000+0000,945-75-3426,66607
531,Melodi,Bao,Huebner,F,1987-04-10T04:00:00.000+0000,912-92-4519,98129
532,Hildegarde,Georgine,Farres,F,1968-09-16T04:00:00.000+0000,985-20-7111,68446
533,Letisha,Leanne,Ogelsby,F,1989-11-21T05:00:00.000+0000,919-55-9302,62149
534,Natalya,Lorrine,Maasz,F,1983-04-27T04:00:00.000+0000,929-63-6792,37727
535,Lorean,Annamaria,Malimoe,F,1984-03-11T05:00:00.000+0000,934-28-8647,81459
536,Arcelia,Tiana,Kullmann,F,1990-09-05T04:00:00.000+0000,947-32-2591,61856
537,Madelaine,Jamila,Ryman,F,1972-02-21T05:00:00.000+0000,956-38-5064,80094
538,Vena,Shawanda,Pykerman,F,1994-01-12T05:00:00.000+0000,972-74-9004,84965
539,Felisa,Cheyenne,Walrond,F,1987-09-21T04:00:00.000+0000,990-28-8843,77662
540,Lavelle,Tierra,Gave,F,1977-12-16T05:00:00.000+0000,903-26-3455,85087
541,Windy,Sabine,Girardey,F,1967-06-07T04:00:00.000+0000,932-38-9271,49918
542,Keri,Evia,De Guise,F,1971-03-02T05:00:00.000+0000,968-87-1746,65278
543,Vivian,Willa,Turner,F,1955-10-07T04:00:00.000+0000,922-63-6963,73224
544,Dixie,Shera,Rubinivitz,F,1958-07-11T04:00:00.000+0000,980-83-8620,47629
545,Lori,Earlene,Mellish,F,1983-04-01T05:00:00.000+0000,918-57-1172,64940
546,Demetra,Oralia,Harley,F,1955-04-29T04:00:00.000+0000,921-11-5115,66534
547,Hyacinth,Haydee,Copeman,F,1965-06-29T04:00:00.000+0000,948-36-7649,50547
548,Parthenia,Leeann,Lillyman,F,1959-04-01T05:00:00.000+0000,929-54-3287,43495
549,Nikia,Alisa,Gullivent,F,1960-09-30T04:00:00.000+0000,947-30-3070,106518
550,Constance,Lakia,Bloor,F,1966-09-04T04:00:00.000+0000,962-38-3038,67575
551,Martina,Mallie,Chattoe,F,1985-12-27T05:00:00.000+0000,953-93-9576,67321
552,Cristin,Anja,Allwright,F,1956-09-09T04:00:00.000+0000,925-35-1188,60521
553,Nu,Raeann,Imbrey,F,1953-08-27T04:00:00.000+0000,982-71-2904,61270
554,Lissette,Charmain,Hanaby,F,1982-10-20T04:00:00.000+0000,986-33-9209,40512
555,Caitlyn,Stormy,Pepin,F,1975-06-21T04:00:00.000+0000,945-73-5930,58060
556,Gracia,Victorina,Bernardinelli,F,1968-07-01T04:00:00.000+0000,914-14-7373,56263
557,Jeanette,Alexandra,Trimmill,F,1963-07-21T04:00:00.000+0000,904-66-7794,60047
558,Aleta,Sheri,Pett,F,1970-11-19T05:00:00.000+0000,986-27-2573,71206
559,Lisa,Suzanne,Aleso,F,1994-03-01T05:00:00.000+0000,920-23-4884,116549
560,Dalia,Kathey,Batchelder,F,1983-09-30T04:00:00.000+0000,902-16-5258,74804
561,Ingrid,Karima,Conybear,F,1994-05-09T04:00:00.000+0000,999-23-7844,60309
562,Sherril,Cathy,Fealty,F,1959-09-12T04:00:00.000+0000,987-33-6648,109564
563,Susie,Alesha,Wakley,F,1997-11-25T05:00:00.000+0000,911-62-4015,61134
564,Deanne,Sofia,Blankley,F,1954-08-09T04:00:00.000+0000,935-94-7773,73828
565,Cristal,Agueda,Fillan,F,1975-02-02T05:00:00.000+0000,982-69-6194,112878
566,Lisandra,Lorraine,Temperley,F,1989-01-10T05:00:00.000+0000,993-29-4515,36681
567,Addie,Mellisa,Swannell,F,1984-07-04T04:00:00.000+0000,984-22-4846,34451
568,Chung,Mia,Hymans,F,1998-01-29T05:00:00.000+0000,900-59-5484,64138
569,Janay,Nerissa,Dafydd,F,1982-02-17T05:00:00.000+0000,907-33-9482,106056
570,Ebony,Lina,Brandts,F,1999-03-27T05:00:00.000+0000,957-90-2345,70019
571,Darcey,Zoraida,Giovanni,F,1993-05-30T04:00:00.000+0000,951-55-5368,71465
572,Lorette,Gertrudis,McKean,F,1988-11-27T05:00:00.000+0000,907-48-7113,113005
573,Jacquie,Leonore,McCrum,F,1996-01-29T05:00:00.000+0000,911-74-9546,71327
574,Etsuko,Charleen,Smurfit,F,1960-06-01T04:00:00.000+0000,975-17-9629,101442
575,Sherron,Tanesha,MacDearmid,F,1976-12-19T05:00:00.000+0000,940-46-3496,41037
576,Rafaela,Kiara,Strephan,F,1974-10-14T04:00:00.000+0000,939-27-7885,84413
577,Cecila,Trinity,Juhruke,F,1966-02-07T05:00:00.000+0000,998-93-2672,50045
578,Ali,Winnie,Grahlmans,F,1960-05-02T04:00:00.000+0000,993-98-8508,68701
579,Gilma,Ivey,Widdecombe,F,1983-11-23T05:00:00.000+0000,966-54-4255,67553
580,Kaci,Rebeca,Sambles,F,1979-03-27T05:00:00.000+0000,990-33-8701,104567
581,Pearline,Candace,Habbert,F,1998-07-06T04:00:00.000+0000,666-15-8671,74997
582,Leanne,Eleonora,Figura,F,1994-10-31T05:00:00.000+0000,999-24-4347,77494
583,Lacy,Deonna,Marwick,F,1981-04-05T05:00:00.000+0000,965-86-4462,88380
584,Ardis,Delta,Berwick,F,1999-07-22T04:00:00.000+0000,945-45-2990,54244
585,Taisha,Hilda,Stoute,F,1964-09-19T04:00:00.000+0000,977-60-5782,105963
586,Monet,Susie,Arran,F,1961-12-05T05:00:00.000+0000,987-78-3293,86043
587,Harriette,Vickey,Kave,F,1963-08-18T04:00:00.000+0000,970-25-2977,69637
588,Kimbra,Evangeline,Lambrook,F,1999-08-08T04:00:00.000+0000,908-51-1955,43975
589,Bertie,Alida,Sapp,F,1955-10-22T04:00:00.000+0000,931-72-7243,67057
590,Alicia,Kari,Devas,F,1983-03-08T05:00:00.000+0000,980-80-2517,85799
591,Carlota,Charleen,Diggins,F,1964-12-15T05:00:00.000+0000,974-65-5201,75579
592,Marry,Gretta,Gilli,F,1960-11-15T05:00:00.000+0000,968-81-8662,61126
593,Sasha,Ethelene,Biggen,F,1986-07-23T04:00:00.000+0000,949-84-6576,43780
594,Thomasine,Luna,Bentham,F,1955-08-13T04:00:00.000+0000,932-85-5551,88058
595,Natividad,Armandina,Sagg,F,1968-04-23T05:00:00.000+0000,936-17-2531,69117
596,Janelle,Renetta,Tante,F,1969-10-15T04:00:00.000+0000,982-68-6080,80292
597,Larhonda,Wanetta,Colbron,F,1974-02-28T04:00:00.000+0000,933-88-2376,66698
598,Shondra,Carylon,Loding,F,1980-12-20T05:00:00.000+0000,966-24-2760,77846
599,Karena,Louisa,Teresia,F,1983-06-16T04:00:00.000+0000,978-93-9519,96625
600,Evelina,Mireya,Smallacombe,F,1982-02-21T05:00:00.000+0000,972-52-5384,62701
601,Jeanmarie,Shea,Catcheside,F,1955-09-02T04:00:00.000+0000,929-96-6238,90372
602,Misty,Kyla,Capinetti,F,1984-05-01T04:00:00.000+0000,907-68-6041,64470
603,Evelin,Kris,Langmuir,F,1958-07-20T04:00:00.000+0000,924-16-4839,64016
604,Rose,Cira,Bussons,F,1994-02-27T05:00:00.000+0000,927-52-5788,54758
605,Ciera,Argentina,Farrants,F,1979-11-22T05:00:00.000+0000,900-21-8072,78439
606,Bernice,Cecile,Juan,F,1988-01-25T05:00:00.000+0000,901-10-3662,94881
607,Debbie,Ashlea,Comsty,F,1995-01-22T05:00:00.000+0000,996-65-7089,85100
608,Bernetta,Brandi,Rozsa,F,1979-04-25T05:00:00.000+0000,929-67-8655,88315
609,Kacey,Curtis,Bjorkan,F,1990-03-28T05:00:00.000+0000,911-66-9383,108225
610,Barbar,Twanna,Moukes,F,1962-09-13T04:00:00.000+0000,922-31-4905,84639
611,Bea,Thresa,Sweetnam,F,1973-01-25T05:00:00.000+0000,912-25-5560,67376
612,Lynda,Launa,Kollatsch,F,1963-04-09T05:00:00.000+0000,936-27-6549,79514
613,Francie,Donya,Fearnley,F,1961-02-11T05:00:00.000+0000,977-36-6243,82737
614,Maureen,Sheree,Killingback,F,1962-11-06T05:00:00.000+0000,922-37-5687,46157
615,Shavonda,Frances,Kornes,F,1971-04-30T04:00:00.000+0000,956-57-4828,62582
616,Alene,Meryl,Killingsworth,F,1955-06-19T04:00:00.000+0000,937-96-1703,51176
617,Joaquina,Grace,Goane,F,1954-11-10T05:00:00.000+0000,963-88-6366,74624
618,Lauralee,Kallie,Flaubert,F,1988-10-10T04:00:00.000+0000,957-12-7152,87582
619,Barbie,Meredith,Pallister,F,1978-11-14T05:00:00.000+0000,974-20-8318,74254
620,Traci,Jenny,Barry,F,1996-04-27T04:00:00.000+0000,996-58-7585,66272
621,Cherilyn,Iva,Fripp,F,1985-09-23T04:00:00.000+0000,991-55-1442,87423
622,Ulrike,Myrna,Brotherton,F,1991-09-22T04:00:00.000+0000,939-22-4082,83995
623,Shirlene,Jennette,Knevett,F,1975-09-04T04:00:00.000+0000,965-30-5982,61334
624,Charlott,Jonell,Gemmell,F,1977-04-05T05:00:00.000+0000,923-21-1452,55167
625,Ladawn,Ivette,MacDonell,F,1983-10-11T04:00:00.000+0000,976-66-1869,124046
626,Maida,Marlys,Raggles,F,1987-05-11T04:00:00.000+0000,997-83-3142,45623
627,Agatha,Danielle,Mallebone,F,1977-03-05T05:00:00.000+0000,922-86-9365,48232
628,Kerrie,Sherrie,Yankeev,F,1969-08-21T04:00:00.000+0000,982-53-1846,54021
629,Trudi,Nu,Fellos,F,1964-10-20T04:00:00.000+0000,991-42-5308,49839
630,Raelene,Eloisa,Babe,F,1998-03-10T05:00:00.000+0000,945-76-3656,82756
631,Michiko,Jan,Gallimore,F,1972-02-27T05:00:00.000+0000,987-78-7654,43763
632,Enid,Kristine,Carley,F,1959-08-27T04:00:00.000+0000,946-79-8800,87661
633,Wendi,Darline,Lowdyane,F,1977-11-21T05:00:00.000+0000,979-33-4924,87519
634,Eleanora,Karina,Saltman,F,1963-12-31T05:00:00.000+0000,914-47-2646,84467
635,Francisco,Tiffani,Macellar,F,1955-09-15T04:00:00.000+0000,980-51-5390,85775
636,Jinny,Omega,Tebbett,F,1978-11-15T05:00:00.000+0000,967-45-5997,60597
637,Necole,Tami,Culshaw,F,1960-08-31T04:00:00.000+0000,900-29-7733,67390
638,Stephany,Somer,Rogerson,F,1965-06-27T04:00:00.000+0000,955-11-7401,79535
639,Ute,Jacquelin,Sellen,F,1952-07-06T04:00:00.000+0000,927-54-9886,75085
640,Angelic,Rossana,Raiker,F,1969-06-07T04:00:00.000+0000,985-74-9894,30965
641,Chu,Rosina,Nordass,F,1988-04-29T04:00:00.000+0000,968-24-1358,38663
642,Lorette,Annamae,Chipperfield,F,1959-05-30T04:00:00.000+0000,918-96-7605,44345
643,Rosamaria,Lourdes,Brakewell,F,1998-10-12T04:00:00.000+0000,930-97-6457,54768
644,Pansy,Roxy,Linstead,F,1980-04-27T05:00:00.000+0000,923-92-3404,81541
645,Keila,Janean,Kitman,F,1958-01-27T05:00:00.000+0000,934-57-5022,94040
646,Alecia,Latrice,Dener,F,1973-04-02T05:00:00.000+0000,926-24-5548,64624
647,Garnet,Domenica,Behnke,F,1969-11-13T05:00:00.000+0000,907-54-6758,65951
648,Laila,Diann,Libbie,F,1977-09-21T04:00:00.000+0000,922-33-5240,70508
649,Vanessa,Vickey,Aubray,F,1957-05-30T04:00:00.000+0000,976-79-3812,66945
650,Amparo,Alison,Braxton,F,1997-05-13T04:00:00.000+0000,963-74-3766,67351
651,Lu,Cherry,Reeve,F,1977-07-01T04:00:00.000+0000,908-73-6533,49950
652,Christi,Ashly,Fredy,F,1989-09-15T04:00:00.000+0000,920-87-5824,39888
653,Trudi,Melinda,Limeburn,F,1977-01-16T05:00:00.000+0000,968-76-8334,93457
654,Hang,Marylynn,Piens,F,1969-10-14T04:00:00.000+0000,982-61-9619,94062
655,Spring,Marisha,Giamo,F,1983-10-21T04:00:00.000+0000,920-50-1896,40671
656,Jeannetta,Jannette,Phillipp,F,1997-06-29T04:00:00.000+0000,951-75-1131,35757
657,Marjorie,Lucia,Okey,F,1965-01-30T05:00:00.000+0000,915-77-7047,60965
658,Elvia,Fernanda,Gollin,F,1991-07-10T04:00:00.000+0000,973-98-6297,69563
659,Serita,Debra,Forre,F,1998-10-06T04:00:00.000+0000,907-98-8004,59106
660,Leatha,Paula,Craster,F,1962-01-18T05:00:00.000+0000,942-43-6254,83484
661,Maryjo,Kellye,Surfleet,F,1990-07-02T04:00:00.000+0000,905-15-2430,97560
662,Liza,Amberly,Storkes,F,1987-11-21T05:00:00.000+0000,981-91-6770,73109
663,Rufina,Phylicia,Whatson,F,1999-06-06T04:00:00.000+0000,988-30-9429,85419
664,Monserrate,Ranae,McCurt,F,1965-10-29T04:00:00.000+0000,974-72-1476,66393
665,Karl,Jami,Buie,F,1973-05-09T04:00:00.000+0000,928-16-6677,65655
666,Imogene,Karl,Batte,F,1986-01-09T05:00:00.000+0000,903-83-1715,110341
667,Melaine,Rubie,Wigin,F,1992-01-29T05:00:00.000+0000,974-85-8051,92769
668,Nola,Natashia,Tole,F,1983-10-24T04:00:00.000+0000,934-90-3763,53207
669,Onie,Ashlyn,Godmer,F,1999-10-31T04:00:00.000+0000,970-21-1675,77940
670,Faye,Jeanetta,Walkowski,F,1955-07-25T04:00:00.000+0000,923-39-8844,90453
671,Sherly,Glennie,Clemmey,F,1990-06-11T04:00:00.000+0000,975-72-3507,82021
672,Mona,Gaye,Torre,F,1964-06-11T04:00:00.000+0000,962-27-9501,84990
673,Kerry,Cyrstal,Botten,F,1960-03-26T05:00:00.000+0000,986-41-8904,56955
674,Livia,Julieta,Rennard,F,1981-02-11T05:00:00.000+0000,915-60-3778,80884
675,Sommer,Samatha,Brayford,F,1963-07-15T04:00:00.000+0000,971-59-2167,53078
676,Tracie,Jeanmarie,Laffin,F,1963-11-11T05:00:00.000+0000,936-87-5628,81307
677,Beryl,Kyra,Clacson,F,1960-12-02T05:00:00.000+0000,911-32-6213,64271
678,Deedra,Loraine,Mundee,F,1972-04-02T05:00:00.000+0000,978-18-9290,54132
679,Bee,Jenice,Dennerley,F,1991-01-07T05:00:00.000+0000,922-86-3667,72188
680,Petrina,Shila,Nickell,F,1979-12-26T05:00:00.000+0000,901-97-7596,89234
681,Brittany,Marica,Spruce,F,1998-11-07T05:00:00.000+0000,949-90-4242,55073
682,Lavon,Zenaida,Silverman,F,1968-01-06T05:00:00.000+0000,985-65-5271,90096
683,Susannah,Shonta,Beadle,F,1959-04-28T04:00:00.000+0000,997-98-1822,40983
684,Micki,Glinda,Gamlen,F,1967-08-15T04:00:00.000+0000,950-74-4593,47016
685,Armanda,Sammie,Crabbe,F,1986-10-21T04:00:00.000+0000,924-93-3122,91560
686,Karima,Tamica,Boden,F,1958-04-12T05:00:00.000+0000,959-39-1344,126968
687,Dannielle,Fabiola,Puckey,F,1986-03-23T05:00:00.000+0000,984-56-6369,58896
688,Iluminada,Leonila,Gartery,F,1969-09-18T04:00:00.000+0000,937-67-7001,99516
689,Twana,Johanna,Josham,F,1974-08-13T04:00:00.000+0000,990-16-4266,72961
690,Cheryle,Isabelle,Mowne,F,1968-06-27T04:00:00.000+0000,963-28-5620,64329
691,Jami,Millicent,Hanstock,F,1996-11-03T05:00:00.000+0000,988-20-4978,50405
692,Bula,Vickey,Tockell,F,1981-07-18T04:00:00.000+0000,952-23-7569,69780
693,Melida,Ila,Giamitti,F,1963-07-03T04:00:00.000+0000,901-92-4435,101461
694,Myrtis,Jane,Rasher,F,1981-12-09T05:00:00.000+0000,980-70-3534,59172
695,Jenette,Gertrude,Ivanets,F,1978-10-06T04:00:00.000+0000,971-65-3500,64812
696,Shelia,Devona,Knights,F,1991-02-24T05:00:00.000+0000,966-59-8370,86030
697,Fernande,Ciara,Herley,F,1966-09-23T04:00:00.000+0000,999-93-2044,39927
698,Rita,Rhona,Demogeot,F,1963-11-22T05:00:00.000+0000,905-49-1673,105819
699,Jesusita,Xenia,Hourihan,F,1995-09-01T04:00:00.000+0000,953-86-7330,97778
700,Tiesha,Carolee,Botfield,F,1966-03-13T05:00:00.000+0000,946-60-3910,91440
701,Elizabeth,Adrian,Dearnaley,F,1991-05-11T04:00:00.000+0000,997-50-5871,75103
702,Mariette,Georgianne,Gilardone,F,1972-03-19T05:00:00.000+0000,910-90-7143,72545
703,Monserrate,Velia,Borwick,F,1963-10-18T04:00:00.000+0000,975-75-4754,34738
704,Hannah,Andrea,Betancourt,F,1969-03-31T05:00:00.000+0000,969-79-6033,67507
705,Corrie,Kyung,Wallworke,F,1967-05-14T04:00:00.000+0000,919-17-6737,46438
706,Vernita,Ammie,Marchenko,F,1994-07-02T04:00:00.000+0000,975-77-8886,75757
707,Suk,Shana,Guilloud,F,1975-10-01T04:00:00.000+0000,903-54-6245,42560
708,Ofelia,Annmarie,Armitage,F,1977-06-02T04:00:00.000+0000,926-33-2674,85333
709,Sade,Jeane,Arden,F,1963-10-21T04:00:00.000+0000,904-86-2574,80834
710,Adaline,Dina,Mees,F,1989-05-14T04:00:00.000+0000,946-75-4704,95970
711,Maryanne,Florance,Chaimson,F,1999-09-07T04:00:00.000+0000,997-80-6019,89652
712,Merna,Madonna,Kennaird,F,1973-06-25T04:00:00.000+0000,922-48-2989,46625
713,Margo,Vicki,Andreasen,F,1981-07-03T04:00:00.000+0000,915-66-2331,104513
714,Nina,Adriana,Partlett,F,1987-02-23T05:00:00.000+0000,955-14-6667,48868
715,Martha,Lana,Bemrose,F,1993-09-16T04:00:00.000+0000,666-71-3854,68762
716,Violet,Nohemi,Marley,F,1964-10-14T04:00:00.000+0000,908-68-5609,75011
717,Joslyn,Debbie,Antcliffe,F,1976-06-04T04:00:00.000+0000,932-70-7841,67673
718,Aurea,Kemberly,Bew,F,1998-10-07T04:00:00.000+0000,950-15-3914,51305
719,Shala,Kanesha,Appleton,F,1967-09-03T04:00:00.000+0000,980-93-1019,99833
720,Despina,Rheba,Valentino,F,1992-09-29T04:00:00.000+0000,971-96-7443,76868
721,Nelly,Carolann,Speechly,F,1973-01-19T05:00:00.000+0000,948-22-8796,82595
722,Grace,Heather,Scrooby,F,1970-02-25T05:00:00.000+0000,946-36-1151,53043
723,Carrol,Wendie,Clayborn,F,1968-12-11T05:00:00.000+0000,990-52-9719,56906
724,Dominga,Steffanie,Mainwaring,F,1988-11-16T05:00:00.000+0000,951-19-8853,61990
725,Rosette,Juli,Szymanzyk,F,1974-03-26T04:00:00.000+0000,968-52-3709,97088
726,Min,Iliana,Hansmann,F,1952-03-09T05:00:00.000+0000,969-25-5962,100987
727,Latia,Tammy,Cominotti,F,1958-04-15T05:00:00.000+0000,965-68-5846,84686
728,Rosette,Reta,Slowgrave,F,2000-01-04T05:00:00.000+0000,927-88-7100,73467
729,Amie,Karri,Redding,F,1966-12-02T05:00:00.000+0000,992-32-3965,74445
730,Maggie,Theressa,Clyma,F,1962-07-03T04:00:00.000+0000,948-15-9529,47704
731,Holli,Lupita,Bagshawe,F,1982-09-13T04:00:00.000+0000,917-51-5779,59085
732,Eartha,Jacquelyne,Fawcett,F,1970-04-18T05:00:00.000+0000,929-85-9767,66911
733,Maryam,Lenore,Blankley,F,1992-09-06T04:00:00.000+0000,930-31-8559,83951
734,Ora,Misty,Maffeo,F,1993-05-11T04:00:00.000+0000,965-78-7452,78978
735,Chassidy,Rema,Lethbury,F,1969-11-25T05:00:00.000+0000,934-30-6342,63923
736,Madeleine,Sunny,Keems,F,1988-06-15T04:00:00.000+0000,934-91-5985,30540
737,Lucila,Latosha,Franzoli,F,1980-05-12T04:00:00.000+0000,934-55-5261,85835
738,Latrina,Johanna,Aslin,F,1985-03-21T05:00:00.000+0000,950-90-8830,68855
739,Lory,Maud,Fiander,F,1979-05-31T04:00:00.000+0000,973-20-3862,45367
740,Clair,Elenore,Flanaghan,F,1977-09-25T04:00:00.000+0000,944-42-9071,96004
741,Britany,Staci,Fazzioli,F,1965-09-23T04:00:00.000+0000,958-86-7123,79586
742,Daisy,Patsy,Gotcher,F,1994-03-31T05:00:00.000+0000,942-46-7883,97219
743,Akiko,Kamala,De Michele,F,1989-02-10T05:00:00.000+0000,985-54-2317,64790
744,Veronica,May,Nystrom,F,1957-08-17T04:00:00.000+0000,974-87-9429,101141
745,Eloise,Nickie,Bostick,F,1963-10-14T04:00:00.000+0000,938-38-1439,76068
746,Maybelle,Toi,Widdison,F,1978-04-08T05:00:00.000+0000,927-68-3397,46892
747,Devon,Chu,Rentcome,F,1974-02-02T04:00:00.000+0000,913-45-9351,91963
748,Kiyoko,Angeles,Hibbart,F,1996-06-28T04:00:00.000+0000,947-71-2250,80487
749,Frances,Mirna,Abry,F,1975-10-18T04:00:00.000+0000,943-68-3499,52685
750,Marhta,Vickie,Pozzi,F,1952-04-19T05:00:00.000+0000,932-19-2135,75384
751,Margarett,Mittie,Slowcock,F,1981-06-13T04:00:00.000+0000,986-48-7645,68521
752,Jaymie,Maia,Uc,F,1995-06-13T04:00:00.000+0000,944-68-6921,46658
753,Rozella,Lesli,Daniell,F,1961-01-10T05:00:00.000+0000,993-26-9886,68833
754,Sarai,Kiera,Kennford,F,1977-04-27T04:00:00.000+0000,908-63-9222,85874
755,Marcia,Elfriede,Leathe,F,1991-10-27T04:00:00.000+0000,972-68-4140,107747
756,Kathlyn,Nikita,Salmen,F,1970-09-09T04:00:00.000+0000,992-50-3106,62473
757,Migdalia,Miriam,Dowell,F,1956-03-23T05:00:00.000+0000,964-71-1331,91176
758,Conchita,Twyla,Duesberry,F,1974-01-15T04:00:00.000+0000,666-65-8936,76775
759,Lory,Delphine,Scarlett,F,1992-10-29T05:00:00.000+0000,907-77-5360,96289
760,Herlinda,Ilana,Blamire,F,1993-01-03T05:00:00.000+0000,994-57-6794,65526
761,Christal,Jacque,Croley,F,1997-02-05T05:00:00.000+0000,958-14-4075,87779
762,Hannah,Margherita,Artis,F,1970-11-02T05:00:00.000+0000,931-87-7015,97487
763,Verena,Berta,Niblock,F,1955-12-26T05:00:00.000+0000,955-43-4995,75423
764,Vera,Elfriede,Trippitt,F,1952-12-05T05:00:00.000+0000,915-59-3036,63683
765,Lacey,Xiomara,Ledward,F,1976-09-24T04:00:00.000+0000,980-31-6239,45524
766,Brook,Alessandra,Boal,F,1993-04-14T04:00:00.000+0000,950-54-4232,35253
767,Shay,Tilda,Manueau,F,1970-04-08T05:00:00.000+0000,960-52-9884,25689
768,Delorse,Jordan,Havelin,F,1960-09-14T04:00:00.000+0000,940-98-9640,72286
769,Lissette,Nichole,Ronald,F,1956-02-09T05:00:00.000+0000,931-86-8134,83845
770,Twyla,Aleisha,Dimbylow,F,1957-09-18T04:00:00.000+0000,922-58-8385,96618
771,Taryn,Carolin,Garmon,F,1967-06-04T04:00:00.000+0000,903-74-7518,84402
772,Roxana,Kelly,Breward,F,1986-09-30T04:00:00.000+0000,940-78-8288,28307
773,Elenora,Love,Cawson,F,1976-08-01T04:00:00.000+0000,971-49-3417,61595
774,Rhiannon,Fransisca,Blair,F,1973-02-21T05:00:00.000+0000,916-92-4503,65309
775,Liza,Janeth,Prandin,F,1975-12-22T05:00:00.000+0000,900-35-3259,34146
776,Amina,Eve,Ausiello,F,1968-12-31T05:00:00.000+0000,994-45-9156,67509
777,Tabetha,Sherryl,Deller,F,1992-07-23T04:00:00.000+0000,980-39-6328,83340
778,Renna,Steffanie,Calles,F,1954-05-27T04:00:00.000+0000,935-69-4197,45145
779,Mira,Charlesetta,Furmenger,F,1977-07-10T04:00:00.000+0000,976-23-8074,66083
780,Polly,Katheryn,Smetoun,F,1958-06-01T04:00:00.000+0000,905-65-9106,23757
781,Diane,Kathaleen,Archanbault,F,1953-11-10T05:00:00.000+0000,948-65-7223,66298
782,Corrie,Harmony,Skydall,F,1979-06-16T04:00:00.000+0000,979-70-7393,66267
783,Joetta,Chanell,Doogood,F,1992-03-15T05:00:00.000+0000,930-52-8958,47886
784,Louisa,Cherryl,Beacock,F,1953-10-15T05:00:00.000+0000,922-53-7976,52002
785,Marg,Edna,Pessold,F,1991-10-27T04:00:00.000+0000,919-87-1190,59331
786,Jackqueline,Rachal,Bristoe,F,1986-07-07T04:00:00.000+0000,915-98-8471,77291
787,Marsha,Layne,Perl,F,1995-04-08T04:00:00.000+0000,952-84-3905,81241
788,Shavonne,Lucy,Olenov,F,1984-09-12T04:00:00.000+0000,979-19-8836,39177
789,Olivia,Adrian,McCathay,F,1970-03-13T05:00:00.000+0000,954-19-7486,56011
790,Viki,Aracely,Donnelly,F,1957-06-08T04:00:00.000+0000,978-42-8208,38134
791,Kalyn,Christel,Lince,F,1967-04-30T05:00:00.000+0000,980-12-9257,68143
792,Bertie,Carmina,Pendall,F,1965-04-23T05:00:00.000+0000,960-63-7369,105484
793,Gabriella,Dionna,Magister,F,1981-10-22T04:00:00.000+0000,997-49-3552,72797
794,Syreeta,Stacia,Yeaman,F,1994-07-06T04:00:00.000+0000,952-14-8012,98738
795,Fannie,Corazon,Willshire,F,1983-09-14T04:00:00.000+0000,942-41-1770,79652
796,Despina,Sparkle,Petrashkov,F,1961-03-30T05:00:00.000+0000,977-42-3349,71790
797,Ronni,Zana,Brayfield,F,1952-09-30T05:00:00.000+0000,983-90-5804,87733
798,Simona,Genoveva,Smith,F,1987-06-06T04:00:00.000+0000,977-47-8663,110829
799,Felecia,Ayako,Summerly,F,1989-04-24T04:00:00.000+0000,990-86-9605,62259
800,Elouise,Tamatha,Orange,F,1987-04-03T05:00:00.000+0000,922-21-5089,67940
801,Lien,Deidra,Borrett,F,1993-03-31T05:00:00.000+0000,956-46-2428,92623
802,Nana,Song,Simonsen,F,1956-04-16T05:00:00.000+0000,965-80-2898,46361
803,Vertie,Simona,McOwan,F,1967-01-28T05:00:00.000+0000,970-60-3051,89491
804,Marlene,Virgie,Ricciardo,F,1954-03-13T05:00:00.000+0000,931-20-5020,100059
805,Hilda,Claretha,Patience,F,1980-11-10T05:00:00.000+0000,926-23-5994,34640
806,Shakira,Clarinda,Pencott,F,1953-12-05T05:00:00.000+0000,955-39-5527,77808
807,Claudette,Rebbeca,Baylie,F,1959-04-01T05:00:00.000+0000,982-55-1017,82195
808,Aurea,Tosha,Paxton,F,1977-10-11T04:00:00.000+0000,928-38-4350,97860
809,Halley,Kim,Copozio,F,1979-10-06T04:00:00.000+0000,900-31-6880,59672
810,Stacie,Cristy,Spondley,F,1959-12-12T05:00:00.000+0000,935-66-4099,79688
811,Oda,Brandee,Seczyk,F,1970-08-01T04:00:00.000+0000,994-67-5550,67840
812,Dannette,Louisa,Andreacci,F,1998-06-18T04:00:00.000+0000,914-29-5432,81215
813,Angelica,Darla,Orpyne,F,1988-06-24T04:00:00.000+0000,987-69-5830,77940
814,Jerica,Corrin,Jonathon,F,1952-03-28T05:00:00.000+0000,964-49-3237,104785
815,Alice,Lakesha,Sammon,F,1979-03-14T05:00:00.000+0000,955-17-2571,86689
816,Mika,Clemmie,Riddich,F,1978-09-11T04:00:00.000+0000,971-84-2234,55192
817,Cassi,Kazuko,McIlwaine,F,1988-12-16T05:00:00.000+0000,977-76-8180,89102
818,Riva,Sunday,Henzer,F,1987-09-02T04:00:00.000+0000,908-16-4962,77270
819,Charlyn,Linh,Favell,F,1968-11-24T05:00:00.000+0000,948-58-7870,72517
820,Su,Josie,Ivashkov,F,1957-01-02T05:00:00.000+0000,966-19-7493,66545
821,Dagny,Davida,Ringrose,F,1986-08-07T04:00:00.000+0000,968-76-1202,34633
822,Terrilyn,Melissa,Liston,F,1982-11-04T05:00:00.000+0000,666-61-5961,36376
823,Juliet,Luise,Degli Antoni,F,1963-02-07T05:00:00.000+0000,970-11-3231,46443
824,Elenore,Desire,Sherreard,F,1960-04-04T05:00:00.000+0000,952-30-4259,87743
825,Clelia,Karole,Madge,F,1998-10-20T04:00:00.000+0000,988-46-9266,55888
826,Josefine,Stephnie,Baumadier,F,1964-03-02T05:00:00.000+0000,913-50-7988,87600
827,Dionna,Tressa,Alps,F,1968-11-11T05:00:00.000+0000,942-50-3072,74333
828,Felipa,Miyoko,Itscowicz,F,1972-06-18T04:00:00.000+0000,997-38-6997,102093
829,Pearline,Nakia,Arlott,F,1979-01-27T05:00:00.000+0000,935-89-6129,85468
830,Patricia,Charlene,Rudiger,F,1989-10-13T04:00:00.000+0000,901-26-9218,81793
831,Amber,Johana,Quenby,F,1974-01-05T05:00:00.000+0000,965-67-2644,70861
832,Arcelia,Amberly,Andriveaux,F,1979-06-15T04:00:00.000+0000,970-44-1211,108495
833,Lilliana,Sherie,McNelly,F,1977-09-07T04:00:00.000+0000,956-72-9607,103790
834,Debby,Sharyn,Kulas,F,1961-09-19T04:00:00.000+0000,944-94-3158,42061
835,Antoinette,Era,Warriner,F,1982-07-08T04:00:00.000+0000,954-43-1908,69049
836,Delois,Shirlene,Ellicombe,F,1964-11-13T05:00:00.000+0000,998-20-5467,69476
837,Evia,Chiquita,Kibby,F,1998-06-08T04:00:00.000+0000,997-50-6792,113842
838,Lawana,Kristin,Medforth,F,1976-02-12T05:00:00.000+0000,986-44-9078,64355
839,Beverly,Debi,Fulbrook,F,1989-11-15T05:00:00.000+0000,995-84-8659,73539
840,Yung,Ariane,Cawkwell,F,1958-09-30T04:00:00.000+0000,938-13-6835,80687
841,Malvina,Tonja,Carl,F,1974-07-26T04:00:00.000+0000,993-87-3378,94222
842,Carleen,Karyn,Idenden,F,1982-07-05T04:00:00.000+0000,998-45-2428,105564
843,Reda,Vasiliki,Leggon,F,1977-05-18T04:00:00.000+0000,912-27-2061,51325
844,Fay,Erlene,Haining,F,1956-01-31T05:00:00.000+0000,965-53-5839,72417
845,Susann,Adella,Crowcroft,F,1969-01-12T05:00:00.000+0000,941-28-8106,85171
846,Mari,Karoline,Roke,F,1993-08-01T04:00:00.000+0000,989-74-3645,81193
847,Audrey,Alva,Ralph,F,1964-06-22T04:00:00.000+0000,989-97-1420,45728
848,Signe,Alda,Thexton,F,1991-01-27T05:00:00.000+0000,926-68-9831,61490
849,Shila,Cammy,Guys,F,1988-01-15T05:00:00.000+0000,941-60-1176,102707
850,Lizbeth,Fern,Flavelle,F,1952-06-12T04:00:00.000+0000,971-30-8209,58635
851,Eric,Teri,Baty,F,1993-02-28T05:00:00.000+0000,937-45-7085,77593
852,Maira,Bianca,Gligori,F,1976-04-26T04:00:00.000+0000,955-52-4320,77144
853,Carley,Asia,Curling,F,1952-02-12T05:00:00.000+0000,906-48-4899,51692
854,Arleen,Nicolette,Edgington,F,1958-04-11T05:00:00.000+0000,947-58-4827,65058
855,Fidela,Karin,Bessant,F,1989-11-11T05:00:00.000+0000,908-28-7164,38663
856,Tresa,Aiko,Nelthropp,F,1960-11-21T05:00:00.000+0000,989-62-1265,95181
857,Josefa,Monet,Benoit,F,1959-02-13T05:00:00.000+0000,959-80-7201,84882
858,Malka,Beverlee,Scotchforth,F,1985-05-31T04:00:00.000+0000,915-89-5847,86203
859,Dotty,Melvina,Basant,F,1994-08-16T04:00:00.000+0000,974-97-5499,63000
860,Jami,Lissette,Esome,F,1989-03-29T05:00:00.000+0000,962-19-8356,75974
861,Twanda,Mayra,Vinton,F,1961-04-04T05:00:00.000+0000,997-82-5350,89915
862,Bobbye,Katelyn,Huggons,F,1994-05-18T04:00:00.000+0000,999-75-5101,80859
863,Jeannine,Reanna,Pickavance,F,1986-12-23T05:00:00.000+0000,960-96-2320,77336
864,Bethann,Elenore,Gaythwaite,F,1959-06-25T04:00:00.000+0000,925-14-5821,66779
865,Carina,Blondell,MacMeanma,F,1992-05-27T04:00:00.000+0000,990-86-6259,81796
866,Odilia,Kimbra,Hofton,F,1980-09-28T04:00:00.000+0000,920-24-2824,53325
867,Marylin,Marcy,Tomkowicz,F,1962-07-02T04:00:00.000+0000,956-85-1306,55209
868,Loan,Charita,Buret,F,1981-05-18T04:00:00.000+0000,921-76-2771,66051
869,Rebbeca,Aliza,Coopey,F,1994-05-04T04:00:00.000+0000,936-47-3865,87732
870,Dia,Kecia,Zannutti,F,1969-07-07T04:00:00.000+0000,975-62-4288,58727
871,Amparo,Kasandra,MacAndie,F,1960-02-05T05:00:00.000+0000,961-54-4024,68832
872,Julissa,Fairy,Scammonden,F,1954-11-02T05:00:00.000+0000,963-67-5095,79605
873,Mica,Marguerita,Goose,F,1964-03-05T05:00:00.000+0000,946-11-6506,94152
874,Arnetta,Lakeisha,Voas,F,1959-03-30T05:00:00.000+0000,981-46-7954,48907
875,Tama,Twanda,Parren,F,1984-09-09T04:00:00.000+0000,982-38-1224,75300
876,Lashawnda,Shin,Loeber,F,1963-05-02T04:00:00.000+0000,936-48-4171,95910
877,Despina,Gigi,Sangwin,F,1967-01-29T05:00:00.000+0000,971-75-4959,64294
878,Nery,Melinda,Gurko,F,1999-06-20T04:00:00.000+0000,919-97-9322,74475
879,Daysi,Katina,Dommerque,F,1968-04-28T05:00:00.000+0000,978-45-4209,61339
880,Lavenia,Mara,Trimby,F,1974-11-27T05:00:00.000+0000,929-98-3986,57067
881,Song,Olympia,Marfield,F,1968-04-04T05:00:00.000+0000,974-77-7177,51765
882,Criselda,Dona,Edsell,F,1962-02-28T05:00:00.000+0000,964-40-1158,64731
883,Hester,Vernell,Humblestone,F,1962-06-06T04:00:00.000+0000,960-42-8352,95408
884,Leeanna,Debby,Shawel,F,1976-05-02T04:00:00.000+0000,999-45-6926,67125
885,Gracia,Dorla,Crumpton,F,1953-11-12T05:00:00.000+0000,972-28-2554,74220
886,Laquita,Cassandra,Gerraty,F,1954-02-19T05:00:00.000+0000,994-25-7007,92062
887,Darcey,Pearlene,Ettles,F,1984-05-19T04:00:00.000+0000,903-10-5268,93301
888,Stephanie,Stefanie,Donaghy,F,1996-08-31T04:00:00.000+0000,952-62-3691,42894
889,Tarsha,Paola,Gilburt,F,1990-06-23T04:00:00.000+0000,956-35-5315,56333
890,Ivey,Danille,Woolley,F,1956-08-21T04:00:00.000+0000,997-87-7361,93082
891,Larae,Alicia,Poulgreen,F,1978-09-19T04:00:00.000+0000,943-15-8544,72172
892,Monserrate,Natacha,Jeffcock,F,1996-04-17T04:00:00.000+0000,971-54-7590,41238
893,Denisha,Sharilyn,Howbrook,F,1994-07-27T04:00:00.000+0000,952-53-4716,102470
894,Tamesha,Rebbeca,Brothwell,F,1987-01-08T05:00:00.000+0000,986-78-5375,93964
895,Roxana,Iraida,Dulson,F,1977-05-08T04:00:00.000+0000,947-88-3430,51963
896,Cherry,Magen,Hawkins,F,1988-12-15T05:00:00.000+0000,985-64-2111,119763
897,Giovanna,Carie,Yarrall,F,1971-12-28T05:00:00.000+0000,951-59-1228,107641
898,Iluminada,Charise,Wilcocke,F,1980-06-06T04:00:00.000+0000,912-51-5849,53985
899,Jewel,Suzie,Clayborn,F,1953-03-25T05:00:00.000+0000,918-90-9924,59313
900,Crysta,Nelle,Harman,F,1981-03-19T05:00:00.000+0000,916-83-4016,81173
901,Elease,Celine,Richemond,F,1980-04-14T05:00:00.000+0000,919-37-4818,90305
902,Helga,Else,Grigg,F,1953-08-27T04:00:00.000+0000,961-46-9014,94414
903,Carolann,Elenore,Stratley,F,1974-11-19T05:00:00.000+0000,996-14-2132,96996
904,Sherrill,Janene,Kluger,F,1982-05-20T04:00:00.000+0000,984-65-2409,33217
905,Love,Devona,Buckie,F,1985-03-25T05:00:00.000+0000,983-74-6501,68526
906,Ma,Jacalyn,Kittless,F,1979-07-20T04:00:00.000+0000,992-69-5025,95778
907,Sixta,Lynetta,De Cleen,F,1954-02-03T05:00:00.000+0000,956-67-3127,87594
908,Evelia,Tova,Stenbridge,F,1988-10-14T04:00:00.000+0000,965-16-6065,100480
909,Shenika,Chiquita,Shapera,F,1965-11-25T05:00:00.000+0000,947-61-1984,63207
910,Debbra,Refugia,Veldens,F,1991-08-22T04:00:00.000+0000,919-66-8125,89110
911,Adrianne,Cristi,Keelan,F,2000-01-10T05:00:00.000+0000,948-18-1402,69663
912,Hana,Logan,Malyan,F,1963-06-27T04:00:00.000+0000,990-52-8280,87717
913,Salena,Lucia,Hulburd,F,1953-08-10T04:00:00.000+0000,964-89-4016,55766
914,Vicenta,Ma,Reith,F,1952-09-05T04:00:00.000+0000,957-35-1053,95529
915,Takisha,Signe,Lewsie,F,1966-09-06T04:00:00.000+0000,923-54-1669,45886
916,Na,Hailey,Ducarel,F,1988-12-22T05:00:00.000+0000,964-31-9007,64646
917,Lawanda,Gwendolyn,Cornborough,F,1974-03-09T04:00:00.000+0000,971-26-6968,61381
918,Leida,Selma,Bonham,F,1997-02-20T05:00:00.000+0000,902-27-4438,91905
919,Pamelia,Khalilah,Churcher,F,1970-11-12T05:00:00.000+0000,936-34-6947,67657
920,Marge,Ines,Asaaf,F,1974-06-25T04:00:00.000+0000,920-73-3359,63242
921,Jacalyn,Lory,Gooch,F,1956-08-30T04:00:00.000+0000,936-96-6542,35562
922,Brianne,Cassi,Lechmere,F,1954-09-21T04:00:00.000+0000,960-61-3740,107208
923,Tanesha,Teresia,Keer,F,1952-09-16T04:00:00.000+0000,910-59-6894,71518
924,Janina,Mildred,Klais,F,1979-03-21T05:00:00.000+0000,994-23-1233,65815
925,Romana,Marcell,Flintoft,F,1960-09-02T04:00:00.000+0000,950-70-4738,86501
926,Olivia,Alina,Sharpe,F,1973-06-02T04:00:00.000+0000,996-81-8406,56532
927,Karl,Ceola,Claessens,F,1975-01-16T05:00:00.000+0000,902-55-7955,84713
928,Eugena,Mollie,Melato,F,1960-02-14T05:00:00.000+0000,931-79-3060,105758
929,Tabatha,Providencia,Wiffler,F,1984-02-13T05:00:00.000+0000,910-96-5193,89061
930,Cheree,Shawana,Shyram,F,1958-08-12T04:00:00.000+0000,967-59-2907,62515
931,Debbi,Tanja,Conrath,F,1965-08-25T04:00:00.000+0000,997-92-4213,77348
932,Brett,Dreama,Rylatt,F,1991-07-04T04:00:00.000+0000,997-73-5359,75038
933,Calandra,Shanna,Pyzer,F,1978-04-14T05:00:00.000+0000,908-97-1939,84155
934,Kathryne,Annett,Pauncefort,F,1979-12-03T05:00:00.000+0000,919-13-1691,47709
935,Vanessa,Josephine,Riddlesden,F,1987-08-10T04:00:00.000+0000,905-39-1189,80154
936,Gudrun,Creola,Stoite,F,1985-06-16T04:00:00.000+0000,931-61-3995,65416
937,Katherina,Linnie,Pogosian,F,1953-02-13T05:00:00.000+0000,923-32-6136,91854
938,Albertha,Isabell,Tamburi,F,1983-03-07T05:00:00.000+0000,925-77-3714,70859
939,Catarina,Rachael,Van der Kruijs,F,1958-08-08T04:00:00.000+0000,927-10-2194,81791
940,Belva,Kristina,Senner,F,1999-08-17T04:00:00.000+0000,982-44-7522,42809
941,Samira,Shakira,Pinniger,F,1954-03-05T05:00:00.000+0000,949-66-4893,68152
942,Ena,Dorethea,Horry,F,1996-01-20T05:00:00.000+0000,915-96-3353,106654
943,Towanda,Augustina,Golder,F,1967-05-24T04:00:00.000+0000,913-59-2217,93107
944,Delinda,Artie,Antoszczyk,F,1978-12-22T05:00:00.000+0000,921-83-1096,52945
945,Shonna,Madelaine,Tuck,F,1981-05-03T04:00:00.000+0000,987-75-4356,115826
946,Arline,Anne,Dumigan,F,1966-04-27T04:00:00.000+0000,964-75-9285,48460
947,Leena,Magali,Pierce,F,1959-07-07T04:00:00.000+0000,925-28-1785,83075
948,Louella,Tesha,Cutford,F,1970-11-16T05:00:00.000+0000,936-15-8338,125420
949,Cherish,Tanna,Southers,F,1968-02-25T05:00:00.000+0000,910-50-7486,65803
950,Kyle,Michaela,McLukie,F,1980-10-12T04:00:00.000+0000,922-50-7919,43713
951,Trula,Rena,Timson,F,1952-12-13T05:00:00.000+0000,997-82-3931,39918
952,Josette,Christena,Fearney,F,1970-02-16T05:00:00.000+0000,997-24-6024,43760
953,Roxann,Honey,Grindell,F,1976-05-22T04:00:00.000+0000,906-55-5364,59045
954,Katerine,Anjanette,Burridge,F,1982-08-19T04:00:00.000+0000,947-91-9344,50101
955,Trula,Luanne,Brecon,F,1974-05-20T04:00:00.000+0000,958-68-8847,97982
956,Nettie,Jenell,Jouhning,F,1997-07-31T04:00:00.000+0000,974-16-9186,40673
957,Bettyann,Sena,Ravenhills,F,1995-02-17T05:00:00.000+0000,962-43-3474,88074
958,Savanna,Merissa,Foxon,F,1990-01-07T05:00:00.000+0000,942-90-9567,62258
959,Madelene,Kari,Dechelle,F,1959-04-01T05:00:00.000+0000,968-20-1073,93828
960,Rayna,Petronila,Graber,F,1978-01-19T05:00:00.000+0000,901-51-6017,79823
961,Xenia,Larisa,Sturdey,F,1996-01-25T05:00:00.000+0000,912-65-9230,48963
962,Toya,Hattie,Kipping,F,1955-10-27T04:00:00.000+0000,989-96-1829,88331
963,Angelina,Elza,Beric,F,1952-02-21T05:00:00.000+0000,996-34-5947,81446
964,Roxane,Harriett,Audiss,F,1988-04-08T04:00:00.000+0000,974-62-4050,106148
965,Jeanmarie,Frankie,Blakiston,F,1962-01-04T05:00:00.000+0000,916-27-6063,75910
966,Dovie,Tinisha,Dorken,F,1995-01-07T05:00:00.000+0000,967-25-1907,87227
967,Kesha,Sharika,Heckney,F,1957-02-27T05:00:00.000+0000,990-78-9169,82199
968,Sharee,Mariel,Barsham,F,1992-06-13T04:00:00.000+0000,944-59-8434,54917
969,Kiley,Malka,Matschoss,F,1972-11-04T05:00:00.000+0000,952-88-9167,70790
970,Valerie,Alyssa,Eppson,F,1967-05-12T04:00:00.000+0000,957-16-4241,94459
971,Sharron,Leora,Gilding,F,1996-02-06T05:00:00.000+0000,925-18-7318,101114
972,Faviola,Tynisha,Ciani,F,1975-12-28T05:00:00.000+0000,905-19-3487,52799
973,Kirstie,Breanne,Bulfoot,F,1979-05-20T04:00:00.000+0000,970-44-3658,8451
974,Mollie,Angela,Kopecka,F,1997-05-19T04:00:00.000+0000,967-52-5168,48059
975,Jenice,Laurie,Oake,F,1953-05-18T04:00:00.000+0000,937-10-8923,55749
976,Elizabeth,Stephanie,Iacovino,F,1968-03-12T05:00:00.000+0000,942-62-7322,85000
977,Rheba,Ina,Lahive,F,1966-05-04T04:00:00.000+0000,943-31-3838,67341
978,Leda,Yer,Ings,F,1990-11-06T05:00:00.000+0000,974-17-3697,47336
979,Corina,Vannessa,Goodridge,F,1967-09-21T04:00:00.000+0000,931-75-8361,71689
980,Cristin,Charlesetta,Ridel,F,1990-05-04T04:00:00.000+0000,946-15-1628,77066
981,Kathie,Gilda,Bartoshevich,F,1990-07-17T04:00:00.000+0000,968-87-7294,49486
982,Tameika,Lorna,Blitzer,F,1964-07-18T04:00:00.000+0000,960-67-5971,64610
983,Elodia,Olinda,Simkiss,F,1994-09-19T04:00:00.000+0000,917-19-7573,61043
984,Glenn,Zulema,Salasar,F,1961-10-03T04:00:00.000+0000,950-51-9529,119396
985,Bertha,Jonell,Vasquez,F,1987-01-13T05:00:00.000+0000,955-93-5803,71755
986,Lita,Georgeanna,Lyddiatt,F,1975-09-13T04:00:00.000+0000,930-30-3838,86234
987,Sherril,Lola,Lease,F,1994-11-03T05:00:00.000+0000,990-36-7180,42325
988,Samella,Danae,Vail,F,1995-08-30T04:00:00.000+0000,666-92-8292,45051
989,Tobi,Miss,Dorken,F,1955-03-21T05:00:00.000+0000,991-97-3808,70335
990,Yolande,Mertie,Cowing,F,1978-09-14T04:00:00.000+0000,918-88-9814,95886
991,Henrietta,Enda,Van Castele,F,1964-08-20T04:00:00.000+0000,984-43-7285,82728
992,Beth,Marna,Leale,F,1982-11-17T05:00:00.000+0000,917-14-5558,81576
993,Jadwiga,Luci,Bensley,F,1971-06-08T04:00:00.000+0000,971-61-2398,68662
994,Jule,Deedra,Dionisii,F,1989-06-25T04:00:00.000+0000,943-70-7886,119504
995,Brooke,Julianne,Barkly,F,1983-06-13T04:00:00.000+0000,929-34-8523,64486
996,Erika,Kathlyn,Hurst,F,1991-01-30T05:00:00.000+0000,928-46-9978,63758
997,Briana,Rema,Dziwisz,F,1989-04-16T04:00:00.000+0000,975-88-5431,70978
998,Khadijah,Annabel,Pauleau,F,1982-12-07T05:00:00.000+0000,926-28-3981,93078
999,Corrinne,Hilda,Davana,F,1955-12-06T05:00:00.000+0000,939-63-9947,70754
1000,Twyla,Rosalinda,Goves,F,1983-10-03T04:00:00.000+0000,909-50-8966,92470
